<FILTERS>

<FILTER>
<NAME>Verbrauchsartikel-Filter// consumable-article- filter</NAME>
<MODULE>1</MODULE>
<SORTORDER>0</SORTORDER>
<ENTRIES>
<ENTRY>
<ANDOR>Und</ANDOR>
<OPERATOR>3</OPERATOR>
<MODULE>1</MODULE>
<FIELD>23</FIELD>
<VALUE>45eebee7-7294-40ee-ae62-3e5f653c9db1</VALUE>
</ENTRY>
</ENTRIES>
<ORDER>
<FIELD>15</FIELD>
<FIELD>31</FIELD>
</ORDER>
</FILTER>

<FILTER>
<NAME>Was ist aktuell defekt? // What is currently defective?</NAME>
<MODULE>1</MODULE>
<SORTORDER>0</SORTORDER>
<ENTRIES>
<ENTRY>
<ANDOR>Und</ANDOR>
<OPERATOR>3</OPERATOR>
<MODULE>1</MODULE>
<FIELD>23</FIELD>
<VALUE>089f4437-98d1-4dc6-83cb-b7f6ae8acbc7</VALUE>
</ENTRY>
</ENTRIES>
<ORDER>
</ORDER>
</FILTER>
</FILTERS>