<?xml version="1.0" encoding="UTF-8" ?>
<data-crow-objects xmlns:xsi="http://www.w3.org/2001/XMLSchema-instance" xsi:noNamespaceSchemaLocation="inventarkategorie.xsd">
    <inventar>
        <item>Inventargegenstaende</item>
        <id>1</id>
        <created>2013-01-11</created>
        <days-loaned></days-loaned>
        <name>Internetrouter</name>
        <container-type>Computer</container-type>
        <picture-front></picture-front>
        <modified>2013-01-12</modified>
        <item>Inventargegenstaende</item>
        <description></description>
        <ansprechpartner_persist>a12913d9-6a29-47d7-a206-cf8a6221125b</ansprechpartner_persist>
        <icon></icon>
        <lend-by></lend-by>
        <parent></parent>
        <available>true</available>
        <stichworte_persist>01f5a2dd-61b9-44eb-aaf7-5c88a5f63ef6</stichworte_persist>
        <external-references_persist>93583163-64f6-4e7c-9411-2e99e0ac0698</external-references_persist>
        <inventarkategorie>03.01</inventarkategorie>
        <raum>102</raum>
        <anzahl>1,00</anzahl>
        <loan-start-date></loan-start-date>
        <inventarnr>IPCOP</inventarnr>
        <loan-end-date></loan-end-date>
        <kaufdatum>2003-12-03</kaufdatum>
        <days></days>
        <item-value></item-value>
        <stichworte>
            <category>
                <name>Computer</name>
            </category>
        </stichworte>
        <external-references>
            <external-reference>
                <type>PDCR</type>
            </external-reference>
        </external-references>
        <loan-status>Verfügbar</loan-status>
        <filehash-type></filehash-type>
        <ansprechpartner>
            <ansprechpartner/-in>
                <name>Herr Wagner</name>
            </ansprechpartner/-in>
        </ansprechpartner>
        <label>Internetrouter</label>
        <due-date></due-date>
        <filehash></filehash>
        <filesize></filesize>
        <filename></filename>
        <user-short-text-field-1></user-short-text-field-1>
        <user-short-text-field-2></user-short-text-field-2>
        <user-long-text-field></user-long-text-field>
        <user-numeric-field-1></user-numeric-field-1>
        <user-numeric-field-2></user-numeric-field-2>
    </inventar>
