<?xml version="1.0" encoding="UTF-8" ?>
<data-crow-objects xmlns:xsi="http://www.w3.org/2001/XMLSchema-instance" xsi:noNamespaceSchemaLocation="languages.xsd">
    <language>
        <item>Languages</item>
        <alternative-names></alternative-names>
        <created>2009-10-17</created>
        <id>101728947256319</id>
        <icon></icon>
        <item>Languages</item>
        <label>Arabic</label>
        <modified></modified>
        <name>Arabic</name>
    </language>
    <language>
        <item>Languages</item>
        <alternative-names></alternative-names>
        <created>2009-10-17</created>
        <id>101719241800990</id>
        <icon></icon>
        <item>Languages</item>
        <label>Bengali</label>
        <modified></modified>
        <name>Bengali</name>
    </language>
    <language>
        <item>Languages</item>
        <alternative-names></alternative-names>
        <created>2009-10-17</created>
        <id>101735581008427</id>
        <icon></icon>
        <item>Languages</item>
        <label>Chinese</label>
        <modified></modified>
        <name>Chinese</name>
    </language>
    <language>
        <item>Languages</item>
        <alternative-names></alternative-names>
        <created>2009-10-17</created>
        <id>101783710631021</id>
        <icon></icon>
        <item>Languages</item>
        <label>Czech</label>
        <modified></modified>
        <name>Czech</name>
    </language>
    <language>
        <item>Languages</item>
        <alternative-names></alternative-names>
        <created>2009-10-17</created>
        <id>101760829946470</id>
        <icon></icon>
        <item>Languages</item>
        <label>Dutch</label>
        <modified></modified>
        <name>Dutch</name>
    </language>
    <language>
        <item>Languages</item>
        <alternative-names></alternative-names>
        <created>2009-10-17</created>
        <id>101744247437899</id>
        <icon></icon>
        <item>Languages</item>
        <label>English</label>
        <modified></modified>
        <name>English</name>
    </language>
    <language>
        <item>Languages</item>
        <alternative-names></alternative-names>
        <created>2009-10-17</created>
        <id>101769167195631</id>
        <icon></icon>
        <item>Languages</item>
        <label>Filipino</label>
        <modified></modified>
        <name>Filipino</name>
    </language>
    <language>
        <item>Languages</item>
        <alternative-names></alternative-names>
        <created>2009-10-17</created>
        <id>101766020412018</id>
        <icon></icon>
        <item>Languages</item>
        <label>French</label>
        <modified></modified>
        <name>French</name>
    </language>
    <language>
        <item>Languages</item>
        <alternative-names></alternative-names>
        <created>2009-10-17</created>
        <id>101749645482518</id>
        <icon></icon>
        <item>Languages</item>
        <label>German</label>
        <modified></modified>
        <name>German</name>
    </language>
    <language>
        <item>Languages</item>
        <alternative-names></alternative-names>
        <created>2009-10-17</created>
        <id>101726526513654</id>
        <icon></icon>
        <item>Languages</item>
        <label>Greek</label>
        <modified></modified>
        <name>Greek</name>
    </language>
    <language>
        <item>Languages</item>
        <alternative-names></alternative-names>
        <created>2009-10-17</created>
        <id>101717986068193</id>
        <icon></icon>
        <item>Languages</item>
        <label>Hindi</label>
        <modified></modified>
        <name>Hindi</name>
    </language>
    <language>
        <item>Languages</item>
        <alternative-names></alternative-names>
        <created>2009-10-17</created>
        <id>101733874707252</id>
        <icon></icon>
        <item>Languages</item>
        <label>Indonesian</label>
        <modified></modified>
        <name>Indonesian</name>
    </language>
    <language>
        <item>Languages</item>
        <alternative-names></alternative-names>
        <created>2009-10-17</created>
        <id>101755066525653</id>
        <icon></icon>
        <item>Languages</item>
        <label>Italian</label>
        <modified></modified>
        <name>Italian</name>
    </language>
    <language>
        <item>Languages</item>
        <alternative-names></alternative-names>
        <created>2009-10-17</created>
        <id>101715713063113</id>
        <icon></icon>
        <item>Languages</item>
        <label>Japanese</label>
        <modified></modified>
        <name>Japanese</name>
    </language>
    <language>
        <item>Languages</item>
        <alternative-names></alternative-names>
        <created>2009-10-17</created>
        <id>101785797346663</id>
        <icon></icon>
        <item>Languages</item>
        <label>Javanese</label>
        <modified></modified>
        <name>Javanese</name>
    </language>
    <language>
        <item>Languages</item>
        <alternative-names></alternative-names>
        <created>2009-10-17</created>
        <id>101712729907647</id>
        <icon></icon>
        <item>Languages</item>
        <label>Korean</label>
        <modified></modified>
        <name>Korean</name>
    </language>
    <language>
        <item>Languages</item>
        <alternative-names></alternative-names>
        <created>2009-10-17</created>
        <id>101770368313395</id>
        <icon></icon>
        <item>Languages</item>
        <label>Mandarin</label>
        <modified></modified>
        <name>Mandarin</name>
    </language>
    <language>
        <item>Languages</item>
        <alternative-names></alternative-names>
        <created>2009-10-17</created>
        <id>101728581710427</id>
        <icon></icon>
        <item>Languages</item>
        <label>Portuguese</label>
        <modified></modified>
        <name>Portuguese</name>
    </language>
    <language>
        <item>Languages</item>
        <alternative-names></alternative-names>
        <created>2009-10-17</created>
        <id>101750682639529</id>
        <icon></icon>
        <item>Languages</item>
        <label>Romanian</label>
        <modified></modified>
        <name>Romanian</name>
    </language>
    <language>
        <item>Languages</item>
        <alternative-names></alternative-names>
        <created>2009-10-17</created>
        <id>101723677931020</id>
        <icon></icon>
        <item>Languages</item>
        <label>Russian</label>
        <modified></modified>
        <name>Russian</name>
    </language>
    <language>
        <item>Languages</item>
        <alternative-names></alternative-names>
        <created>2009-10-17</created>
        <id>101752296754327</id>
        <icon></icon>
        <item>Languages</item>
        <label>Spanish</label>
        <modified></modified>
        <name>Spanish</name>
    </language>
    <language>
        <item>Languages</item>
        <alternative-names></alternative-names>
        <created>2009-10-17</created>
        <id>101748796830796</id>
        <icon></icon>
        <item>Languages</item>
        <label>Thai</label>
        <modified></modified>
        <name>Thai</name>
    </language>
    <language>
        <item>Languages</item>
        <alternative-names></alternative-names>
        <created>2009-10-17</created>
        <id>101722617051332</id>
        <icon></icon>
        <item>Languages</item>
        <label>Turkish</label>
        <modified></modified>
        <name>Turkish</name>
    </language>
    <language>
        <item>Languages</item>
        <alternative-names></alternative-names>
        <created>2009-10-17</created>
        <id>101747411389254</id>
        <icon></icon>
        <item>Languages</item>
        <label>Vietnamese</label>
        <modified></modified>
        <name>Vietnamese</name>
    </language>
    <language>
        <item>Languages</item>
        <alternative-names></alternative-names>
        <created>2009-10-17</created>
        <id>101783459206945</id>
        <icon></icon>
        <item>Languages</item>
        <label>Wu</label>
        <modified></modified>
        <name>Wu</name>
    </language>
    <language>
        <item>Languages</item>
        <alternative-names></alternative-names>
        <created>2009-10-17</created>
        <id>101776419406563</id>
        <icon></icon>
        <item>Languages</item>
        <label>Yoruba</label>
        <modified></modified>
        <name>Yoruba</name>
    </language>
</data-crow-objects>
