<?xml version="1.0" encoding="UTF-8" ?>
<data-crow-objects xmlns:xsi="http://www.w3.org/2001/XMLSchema-instance" xsi:noNamespaceSchemaLocation="software_platform.xsd">
    <platform>
        <item>Platforms</item>
        <alternative-names></alternative-names>
        <created>2009-10-17</created>
        <id>101783550662762</id>
        <icon></icon>
        <item>Platforms</item>
        <label>Amiga</label>
        <modified></modified>
        <name>Amiga</name>
    </platform>
    <platform>
        <item>Platforms</item>
        <alternative-names></alternative-names>
        <created>2009-10-17</created>
        <id>101732696224306</id>
        <icon></icon>
        <item>Platforms</item>
        <label>Atari</label>
        <modified></modified>
        <name>Atari</name>
    </platform>
    <platform>
        <item>Platforms</item>
        <alternative-names>;C64;</alternative-names>
        <created>2009-10-17</created>
        <id>101751587913404</id>
        <icon></icon>
        <item>Platforms</item>
        <label>Commodor 64</label>
        <modified></modified>
        <name>Commodor 64</name>
    </platform>
    <platform>
        <item>Platforms</item>
        <alternative-names></alternative-names>
        <created>2009-10-17</created>
        <id>101754826497106</id>
        <icon></icon>
        <item>Platforms</item>
        <label>Linux</label>
        <modified></modified>
        <name>Linux</name>
    </platform>
    <platform>
        <item>Platforms</item>
        <alternative-names></alternative-names>
        <created>2009-10-17</created>
        <id>101773354974206</id>
        <icon></icon>
        <item>Platforms</item>
        <label>Mac OS X</label>
        <modified></modified>
        <name>Mac OS X</name>
    </platform>
    <platform>
        <item>Platforms</item>
        <alternative-names></alternative-names>
        <created>2009-10-17</created>
        <id>101734563272715</id>
        <icon></icon>
        <item>Platforms</item>
        <label>Mandrake </label>
        <modified></modified>
        <name>Mandrake </name>
    </platform>
    <platform>
        <item>Platforms</item>
        <alternative-names></alternative-names>
        <created>2009-10-17</created>
        <id>101767712908603</id>
        <icon></icon>
        <item>Platforms</item>
        <label>Nintendo</label>
        <modified></modified>
        <name>Nintendo</name>
    </platform>
    <platform>
        <item>Platforms</item>
        <alternative-names>;WII;</alternative-names>
        <created>2009-10-17</created>
        <id>101746289840482</id>
        <icon></icon>
        <item>Platforms</item>
        <label>Nintendo Wii</label>
        <modified>2009-10-17</modified>
        <name>Nintendo Wii</name>
    </platform>
    <platform>
        <item>Platforms</item>
        <alternative-names>;Java;Any;</alternative-names>
        <created>2009-10-17</created>
        <id>101727202025612</id>
        <icon></icon>
        <item>Platforms</item>
        <label>OS Independent</label>
        <modified>2009-10-17</modified>
        <name>OS Independent</name>
    </platform>
    <platform>
        <item>Platforms</item>
        <alternative-names>;PS;Sony PS;Sony Playstation;</alternative-names>
        <created>2009-10-17</created>
        <id>101765135412230</id>
        <icon></icon>
        <item>Platforms</item>
        <label>PlayStation</label>
        <modified>2009-10-17</modified>
        <name>PlayStation</name>
    </platform>
    <platform>
        <item>Platforms</item>
        <alternative-names>;PS2;Sony Playstation 2;Sony PS2;</alternative-names>
        <created>2009-10-17</created>
        <id>101791104273652</id>
        <icon></icon>
        <item>Platforms</item>
        <label>PlayStation 2</label>
        <modified>2009-10-17</modified>
        <name>PlayStation 2</name>
    </platform>
    <platform>
        <item>Platforms</item>
        <alternative-names>;PS3;Sony Playstation 3;Sony PS3;</alternative-names>
        <created>2009-10-17</created>
        <id>101797654256449</id>
        <icon></icon>
        <item>Platforms</item>
        <label>PlayStation 3</label>
        <modified>2009-10-17</modified>
        <name>PlayStation 3</name>
    </platform>
    <platform>
        <item>Platforms</item>
        <alternative-names>;Sony PSP;</alternative-names>
        <created>2009-10-17</created>
        <id>101763870891931</id>
        <icon></icon>
        <item>Platforms</item>
        <label>PSP</label>
        <modified>2009-10-17</modified>
        <name>PSP</name>
    </platform>
    <platform>
        <item>Platforms</item>
        <alternative-names>;Redhat;Red Hat;</alternative-names>
        <created>2009-10-17</created>
        <id>101745445512710</id>
        <icon></icon>
        <item>Platforms</item>
        <label>RedHat Linux</label>
        <modified>2009-10-17</modified>
        <name>RedHat Linux</name>
    </platform>
    <platform>
        <item>Platforms</item>
        <alternative-names></alternative-names>
        <created>2009-10-17</created>
        <id>101738833707874</id>
        <icon></icon>
        <item>Platforms</item>
        <label>SEGA</label>
        <modified></modified>
        <name>SEGA</name>
    </platform>
    <platform>
        <item>Platforms</item>
        <alternative-names>;SUSE;</alternative-names>
        <created>2009-10-17</created>
        <id>101723897453089</id>
        <icon></icon>
        <item>Platforms</item>
        <label>SuSE Linux </label>
        <modified>2009-10-17</modified>
        <name>SuSE Linux </name>
    </platform>
    <platform>
        <item>Platforms</item>
        <alternative-names></alternative-names>
        <created>2009-10-17</created>
        <id>101768911070164</id>
        <icon></icon>
        <item>Platforms</item>
        <label>Windows</label>
        <modified></modified>
        <name>Windows</name>
    </platform>
    <platform>
        <item>Platforms</item>
        <alternative-names>;Windows 3;Windows 3.11;</alternative-names>
        <created>2009-10-17</created>
        <id>101784941265091</id>
        <icon></icon>
        <item>Platforms</item>
        <label>Windows (16-bit)</label>
        <modified>2009-10-17</modified>
        <name>Windows (16-bit)</name>
    </platform>
    <platform>
        <item>Platforms</item>
        <alternative-names>;Win 2000;Win 2k;Windows 2k;</alternative-names>
        <created>2009-10-17</created>
        <id>101750994981757</id>
        <icon></icon>
        <item>Platforms</item>
        <label>Windows 2000</label>
        <modified>2009-10-17</modified>
        <name>Windows 2000</name>
    </platform>
    <platform>
        <item>Platforms</item>
        <alternative-names>;Win 7;Win7;</alternative-names>
        <created>2009-10-17</created>
        <id>101766235583952</id>
        <icon></icon>
        <item>Platforms</item>
        <label>Windows 7</label>
        <modified></modified>
        <name>Windows 7</name>
    </platform>
    <platform>
        <item>Platforms</item>
        <alternative-names>;Win95;Win 95;</alternative-names>
        <created>2009-10-17</created>
        <id>101730277513857</id>
        <icon></icon>
        <item>Platforms</item>
        <label>Windows 95</label>
        <modified>2009-10-17</modified>
        <name>Windows 95</name>
    </platform>
    <platform>
        <item>Platforms</item>
        <alternative-names>;Win 98;Win98;</alternative-names>
        <created>2009-10-17</created>
        <id>101786176534059</id>
        <icon></icon>
        <item>Platforms</item>
        <label>Windows 98</label>
        <modified>2009-10-17</modified>
        <name>Windows 98</name>
    </platform>
    <platform>
        <item>Platforms</item>
        <alternative-names>;Vista;Win Vista;</alternative-names>
        <created>2009-10-17</created>
        <id>101754147766772</id>
        <icon></icon>
        <item>Platforms</item>
        <label>Windows Vista</label>
        <modified></modified>
        <name>Windows Vista</name>
    </platform>
    <platform>
        <item>Platforms</item>
        <alternative-names>;XP;WinXP;Win XP;</alternative-names>
        <created>2009-10-17</created>
        <id>101727195392056</id>
        <icon></icon>
        <item>Platforms</item>
        <label>Windows XP</label>
        <modified>2009-10-17</modified>
        <name>Windows XP</name>
    </platform>
    <platform>
        <item>Platforms</item>
        <alternative-names></alternative-names>
        <created>2009-10-17</created>
        <id>101715358239917</id>
        <icon></icon>
        <item>Platforms</item>
        <label>XBOX</label>
        <modified></modified>
        <name>XBOX</name>
    </platform>
    <platform>
        <item>Platforms</item>
        <alternative-names>;XBOX360;</alternative-names>
        <created>2009-10-17</created>
        <id>101785996625837</id>
        <icon></icon>
        <item>Platforms</item>
        <label>XBOX 360</label>
        <modified>2009-10-17</modified>
        <name>XBOX 360</name>
    </platform>
</data-crow-objects>
