<?xml version="1.0" encoding="UTF-8" ?>
<data-crow-objects xmlns:xsi="http://www.w3.org/2001/XMLSchema-instance" xsi:noNamespaceSchemaLocation="movie_genre.xsd">
    <genre>
        <item>Genres</item>
        <alternative-names></alternative-names>
        <created>2009-10-17</created>
        <id>101769732545758</id>
        <icon></icon>
        <item>Genres</item>
        <label>Action</label>
        <modified></modified>
        <name>Action</name>
    </genre>
    <genre>
        <item>Genres</item>
        <alternative-names>;porn;erotic;</alternative-names>
        <created>2009-10-17</created>
        <id>101753357919454</id>
        <icon></icon>
        <item>Genres</item>
        <label>Adult Film</label>
        <modified>2009-10-17</modified>
        <name>Adult Film</name>
    </genre>
    <genre>
        <item>Genres</item>
        <alternative-names></alternative-names>
        <created>2009-10-17</created>
        <id>101782073228135</id>
        <icon></icon>
        <item>Genres</item>
        <label>Adventure</label>
        <modified></modified>
        <name>Adventure</name>
    </genre>
    <genre>
        <item>Genres</item>
        <alternative-names></alternative-names>
        <created>2009-10-17</created>
        <id>101771618977776</id>
        <icon></icon>
        <item>Genres</item>
        <label>Animation</label>
        <modified></modified>
        <name>Animation</name>
    </genre>
    <genre>
        <item>Genres</item>
        <alternative-names>;Children;</alternative-names>
        <created>2009-10-17</created>
        <id>101711011271608</id>
        <icon></icon>
        <item>Genres</item>
        <label>Children&apos;s Film</label>
        <modified>2009-10-17</modified>
        <name>Children&apos;s Film</name>
    </genre>
    <genre>
        <item>Genres</item>
        <alternative-names></alternative-names>
        <created>2009-10-17</created>
        <id>101782248464045</id>
        <icon></icon>
        <item>Genres</item>
        <label>Comedy</label>
        <modified></modified>
        <name>Comedy</name>
    </genre>
    <genre>
        <item>Genres</item>
        <alternative-names></alternative-names>
        <created>2009-10-17</created>
        <id>101734189383151</id>
        <icon></icon>
        <item>Genres</item>
        <label>Crime</label>
        <modified></modified>
        <name>Crime</name>
    </genre>
    <genre>
        <item>Genres</item>
        <alternative-names></alternative-names>
        <created>2009-10-17</created>
        <id>101776928584555</id>
        <icon></icon>
        <item>Genres</item>
        <label>Documentary</label>
        <modified></modified>
        <name>Documentary</name>
    </genre>
    <genre>
        <item>Genres</item>
        <alternative-names></alternative-names>
        <created>2009-10-17</created>
        <id>101719258739166</id>
        <icon></icon>
        <item>Genres</item>
        <label>Drama</label>
        <modified></modified>
        <name>Drama</name>
    </genre>
    <genre>
        <item>Genres</item>
        <alternative-names>;Family;</alternative-names>
        <created>2009-10-17</created>
        <id>101760952839699</id>
        <icon></icon>
        <item>Genres</item>
        <label>Family Film</label>
        <modified>2009-10-17</modified>
        <name>Family Film</name>
    </genre>
    <genre>
        <item>Genres</item>
        <alternative-names></alternative-names>
        <created>2009-10-17</created>
        <id>101757770563423</id>
        <icon></icon>
        <item>Genres</item>
        <label>Fantasy</label>
        <modified></modified>
        <name>Fantasy</name>
    </genre>
    <genre>
        <item>Genres</item>
        <alternative-names></alternative-names>
        <created>2009-10-17</created>
        <id>101764575296561</id>
        <icon></icon>
        <item>Genres</item>
        <label>Film Noir</label>
        <modified></modified>
        <name>Film Noir</name>
    </genre>
    <genre>
        <item>Genres</item>
        <alternative-names></alternative-names>
        <created>2009-10-17</created>
        <id>101781341292759</id>
        <icon></icon>
        <item>Genres</item>
        <label>Historical</label>
        <modified></modified>
        <name>Historical</name>
    </genre>
    <genre>
        <item>Genres</item>
        <alternative-names></alternative-names>
        <created>2009-10-17</created>
        <id>101719072948051</id>
        <icon></icon>
        <item>Genres</item>
        <label>Horror</label>
        <modified></modified>
        <name>Horror</name>
    </genre>
    <genre>
        <item>Genres</item>
        <alternative-names></alternative-names>
        <created>2009-10-17</created>
        <id>101749461088512</id>
        <icon></icon>
        <item>Genres</item>
        <label>Musical</label>
        <modified></modified>
        <name>Musical</name>
    </genre>
    <genre>
        <item>Genres</item>
        <alternative-names></alternative-names>
        <created>2009-10-17</created>
        <id>101717540142172</id>
        <icon></icon>
        <item>Genres</item>
        <label>Mystery</label>
        <modified></modified>
        <name>Mystery</name>
    </genre>
    <genre>
        <item>Genres</item>
        <alternative-names></alternative-names>
        <created>2009-10-17</created>
        <id>101742283217936</id>
        <icon></icon>
        <item>Genres</item>
        <label>Romance</label>
        <modified></modified>
        <name>Romance</name>
    </genre>
    <genre>
        <item>Genres</item>
        <alternative-names>;sf;</alternative-names>
        <created>2009-10-17</created>
        <id>101784037334655</id>
        <icon></icon>
        <item>Genres</item>
        <label>Science Fiction</label>
        <modified>2009-10-17</modified>
        <name>Science Fiction</name>
    </genre>
    <genre>
        <item>Genres</item>
        <alternative-names></alternative-names>
        <created>2009-10-17</created>
        <id>101744028567916</id>
        <icon></icon>
        <item>Genres</item>
        <label>Sports</label>
        <modified></modified>
        <name>Sports</name>
    </genre>
    <genre>
        <item>Genres</item>
        <alternative-names></alternative-names>
        <created>2009-10-17</created>
        <id>101767690551506</id>
        <icon></icon>
        <item>Genres</item>
        <label>War</label>
        <modified></modified>
        <name>War</name>
    </genre>
    <genre>
        <item>Genres</item>
        <alternative-names></alternative-names>
        <created>2009-10-17</created>
        <id>101730256668755</id>
        <icon></icon>
        <item>Genres</item>
        <label>Western</label>
        <modified></modified>
        <name>Western</name>
    </genre>
</data-crow-objects>
