<?xml version="1.0" encoding="UTF-8" ?>
<data-crow-objects xmlns:xsi="http://www.w3.org/2001/XMLSchema-instance" xsi:noNamespaceSchemaLocation="inventar.xsd">
    <inventar>
        <item>Inventargegenstaende</item>
        <id>ac19e2c6-6906-4f14-b474-59f24a6bf3b3</id>
        <created>2013-02-14</created>
        <days-loaned></days-loaned>
        <name>Cocktail-Set</name>
        <container-type></container-type>
        <picture-front></picture-front>
        <modified>2013-02-19</modified>
        <item>Inventargegenstaende</item>
        <description>großes Cocktail-Set für Parties / big cocktail-set for parties</description>
        <anprechpartner_persist>7e1675fe-6f5e-4e4b-93d0-623e8d94febd</anprechpartner_persist>
        <icon></icon>
        <lend-by></lend-by>
        <parent>Kuehlschrank, 002, Kuehlschrank</parent>
        <available>true</available>
        <stichworte_persist>32d35e2f-1908-4409-8c38-9e5ce0c87a5e</stichworte_persist>
        <external-references_persist>58c5e861-1154-45fa-8da8-e58a2c7e1be0</external-references_persist>
        <inventarkategorie></inventarkategorie>
        <raum></raum>
        <anzahl>1,00</anzahl>
        <loan-start-date></loan-start-date>
        <inventarnr>006</inventarnr>
        <loan-end-date></loan-end-date>
        <kaufdatum></kaufdatum>
        <days></days>
        <item-value></item-value>
        <stichworte>
            <category>
                <name>Getraenke</name>
            </category>
            <category>
                <name>Party</name>
            </category>
        </stichworte>
        <external-references>
            <external-reference>
                <type>PDCR</type>
            </external-reference>
        </external-references>
        <loan-status>Verfügbar</loan-status>
        <filehash-type></filehash-type>
        <anprechpartner>
            <ansprechpartner>
                <name>Goethe</name>
            </ansprechpartner>
        </anprechpartner>
        <internetadresse></internetadresse>
        <label>Cocktail-Set</label>
        <due-date></due-date>
        <filehash></filehash>
        <filesize></filesize>
        <filename></filename>
        <user-short-text-field-1></user-short-text-field-1>
        <user-short-text-field-2></user-short-text-field-2>
        <user-long-text-field></user-long-text-field>
        <user-numeric-field-1></user-numeric-field-1>
        <user-numeric-field-2></user-numeric-field-2>
    </inventar>
    <inventar>
        <item>Inventargegenstaende</item>
        <id>a86a1faa-2968-407b-8e4b-473df286167a</id>
        <created>2013-02-14</created>
        <days-loaned></days-loaned>
        <name>Kuehlschrank</name>
        <container-type>Kuehlschrank</container-type>
        <picture-front></picture-front>
        <modified>2013-02-14</modified>
        <item>Inventargegenstaende</item>
        <description>gemeinsamer Kühschrank / common fridge</description>
        <anprechpartner_persist>7ab66c4e-83b9-47dd-a378-6b2e0b0deb12</anprechpartner_persist>
        <icon></icon>
        <lend-by></lend-by>
        <parent></parent>
        <available>true</available>
        <stichworte_persist>fcd30612-4ed4-4904-9996-390b2f2b72cc</stichworte_persist>
        <external-references_persist>d5b7ac72-14be-4d52-9582-c1273c87ba21</external-references_persist>
        <inventarkategorie></inventarkategorie>
        <raum>01 - WG-Kueche</raum>
        <anzahl>1,00</anzahl>
        <loan-start-date></loan-start-date>
        <inventarnr>002</inventarnr>
        <loan-end-date></loan-end-date>
        <kaufdatum>1990-02-14</kaufdatum>
        <days></days>
        <item-value></item-value>
        <stichworte>
            <category>
                <name>Elektrisches Kuechengeraet</name>
            </category>
        </stichworte>
        <external-references>
            <external-reference>
                <type>PDCR</type>
            </external-reference>
        </external-references>
        <loan-status>Verfügbar</loan-status>
        <filehash-type></filehash-type>
        <anprechpartner>
            <ansprechpartner>
                <name>Der Hausmeister</name>
            </ansprechpartner>
        </anprechpartner>
        <internetadresse></internetadresse>
        <label>Kuehlschrank</label>
        <due-date></due-date>
        <filehash></filehash>
        <filesize></filesize>
        <filename></filename>
        <user-short-text-field-1></user-short-text-field-1>
        <user-short-text-field-2></user-short-text-field-2>
        <user-long-text-field></user-long-text-field>
        <user-numeric-field-1></user-numeric-field-1>
        <user-numeric-field-2></user-numeric-field-2>
    </inventar>
    <inventar>
        <item>Inventargegenstaende</item>
        <id>f90786a1-3b2a-4204-8054-d27bd40b1121</id>
        <created>2013-02-14</created>
        <days-loaned></days-loaned>
        <name>Mikrowelle</name>
        <container-type></container-type>
        <picture-front></picture-front>
        <modified>2013-02-14</modified>
        <item>Inventargegenstaende</item>
        <description>gemeinsame Mikrowelle / common  microwave-oven

Bloß kein Metal reinstellen!
Don&apos;t put metal inside!
;-)</description>
        <anprechpartner_persist></anprechpartner_persist>
        <icon></icon>
        <lend-by></lend-by>
        <parent></parent>
        <available>true</available>
        <stichworte_persist>fcd30612-4ed4-4904-9996-390b2f2b72cc</stichworte_persist>
        <external-references_persist>a9bc26f6-f678-4063-8a44-97837bcb2529</external-references_persist>
        <inventarkategorie></inventarkategorie>
        <raum>01 - WG-Kueche</raum>
        <anzahl>1,00</anzahl>
        <loan-start-date></loan-start-date>
        <inventarnr>001</inventarnr>
        <loan-end-date></loan-end-date>
        <kaufdatum>2013-02-13</kaufdatum>
        <days></days>
        <item-value></item-value>
        <stichworte>
            <category>
                <name>Elektrisches Kuechengeraet</name>
            </category>
            <category>
                <name>Handbuch beachten!</name>
            </category>
        </stichworte>
        <external-references>
            <external-reference>
                <type>PDCR</type>
            </external-reference>
        </external-references>
        <loan-status>Verfügbar</loan-status>
        <filehash-type></filehash-type>
        <anprechpartner>
        </anprechpartner>
        <internetadresse></internetadresse>
        <label>Mikrowelle</label>
        <due-date></due-date>
        <filehash></filehash>
        <filesize></filesize>
        <filename></filename>
        <user-short-text-field-1></user-short-text-field-1>
        <user-short-text-field-2></user-short-text-field-2>
        <user-long-text-field></user-long-text-field>
        <user-numeric-field-1></user-numeric-field-1>
        <user-numeric-field-2></user-numeric-field-2>
    </inventar>
    <inventar>
        <item>Inventargegenstaende</item>
        <id>083ddf1e-8924-4b31-9af1-9086a126177e</id>
        <created>2013-02-14</created>
        <days-loaned></days-loaned>
        <name>Pizza</name>
        <container-type></container-type>
        <picture-front></picture-front>
        <modified>2013-02-14</modified>
        <item>Inventargegenstaende</item>
        <description>Meine Lieblingspizzen / my favourite pizza

Finger weg! / don&apos;t  touch it!</description>
        <anprechpartner_persist>152fe0de-9a72-4b26-8593-f35f3704d90f</anprechpartner_persist>
        <icon></icon>
        <lend-by></lend-by>
        <parent>Kuehlschrank, 002, Kuehlschrank</parent>
        <available>true</available>
        <stichworte_persist>f46ea113-3176-40c6-b1af-5f5cc21ff331</stichworte_persist>
        <external-references_persist>6f38a73d-ad6a-410e-ab7f-45f83b2baf38</external-references_persist>
        <inventarkategorie></inventarkategorie>
        <raum></raum>
        <anzahl>3,00</anzahl>
        <loan-start-date></loan-start-date>
        <inventarnr>005</inventarnr>
        <loan-end-date></loan-end-date>
        <kaufdatum></kaufdatum>
        <days></days>
        <item-value></item-value>
        <stichworte>
            <category>
                <name>Tiefkuehl-Lebensmittel</name>
            </category>
        </stichworte>
        <external-references>
            <external-reference>
                <type>PDCR</type>
            </external-reference>
        </external-references>
        <loan-status>Verfügbar</loan-status>
        <filehash-type></filehash-type>
        <anprechpartner>
            <ansprechpartner>
                <name>Schiller</name>
            </ansprechpartner>
        </anprechpartner>
        <internetadresse></internetadresse>
        <label>Pizza</label>
        <due-date></due-date>
        <filehash></filehash>
        <filesize></filesize>
        <filename></filename>
        <user-short-text-field-1></user-short-text-field-1>
        <user-short-text-field-2></user-short-text-field-2>
        <user-long-text-field></user-long-text-field>
        <user-numeric-field-1></user-numeric-field-1>
        <user-numeric-field-2></user-numeric-field-2>
    </inventar>
    <inventar>
        <item>Inventargegenstaende</item>
        <id>f99df20c-a201-4036-b2fb-087819e59209</id>
        <created>2013-02-14</created>
        <days-loaned></days-loaned>
        <name>Stuehle</name>
        <container-type></container-type>
        <picture-front></picture-front>
        <modified>2013-02-14</modified>
        <item>Inventargegenstaende</item>
        <description>Küchenstühle / kitchenchairs</description>
        <anprechpartner_persist></anprechpartner_persist>
        <icon></icon>
        <lend-by></lend-by>
        <parent></parent>
        <available>true</available>
        <stichworte_persist></stichworte_persist>
        <external-references_persist>ff9dc475-bd22-4b5f-88d9-70f37f934ade</external-references_persist>
        <inventarkategorie></inventarkategorie>
        <raum>01 - WG-Kueche</raum>
        <anzahl>2,00</anzahl>
        <loan-start-date></loan-start-date>
        <inventarnr>004</inventarnr>
        <loan-end-date></loan-end-date>
        <kaufdatum></kaufdatum>
        <days></days>
        <item-value></item-value>
        <stichworte>
        </stichworte>
        <external-references>
            <external-reference>
                <type>PDCR</type>
            </external-reference>
        </external-references>
        <loan-status>Verfügbar</loan-status>
        <filehash-type></filehash-type>
        <anprechpartner>
        </anprechpartner>
        <internetadresse></internetadresse>
        <label>Stuehle</label>
        <due-date></due-date>
        <filehash></filehash>
        <filesize></filesize>
        <filename></filename>
        <user-short-text-field-1></user-short-text-field-1>
        <user-short-text-field-2></user-short-text-field-2>
        <user-long-text-field></user-long-text-field>
        <user-numeric-field-1></user-numeric-field-1>
        <user-numeric-field-2></user-numeric-field-2>
    </inventar>
    <inventar>
        <item>Inventargegenstaende</item>
        <id>aca828f8-a1d1-4415-b213-f3297528846c</id>
        <created>2013-02-14</created>
        <days-loaned></days-loaned>
        <name>Tisch</name>
        <container-type></container-type>
        <picture-front></picture-front>
        <modified>2013-02-14</modified>
        <item>Inventargegenstaende</item>
        <description>Küchentisch / kitchentable</description>
        <anprechpartner_persist></anprechpartner_persist>
        <icon></icon>
        <lend-by></lend-by>
        <parent></parent>
        <available>true</available>
        <stichworte_persist></stichworte_persist>
        <external-references_persist>ec7c194a-8321-4023-a7ea-b3e8df909a75</external-references_persist>
        <inventarkategorie></inventarkategorie>
        <raum>01 - WG-Kueche</raum>
        <anzahl>1,00</anzahl>
        <loan-start-date></loan-start-date>
        <inventarnr>003</inventarnr>
        <loan-end-date></loan-end-date>
        <kaufdatum>2000-02-14</kaufdatum>
        <days></days>
        <item-value></item-value>
        <stichworte>
        </stichworte>
        <external-references>
            <external-reference>
                <type>PDCR</type>
            </external-reference>
        </external-references>
        <loan-status>Verfügbar</loan-status>
        <filehash-type></filehash-type>
        <anprechpartner>
        </anprechpartner>
        <internetadresse></internetadresse>
        <label>Tisch</label>
        <due-date></due-date>
        <filehash></filehash>
        <filesize></filesize>
        <filename></filename>
        <user-short-text-field-1></user-short-text-field-1>
        <user-short-text-field-2></user-short-text-field-2>
        <user-long-text-field></user-long-text-field>
        <user-numeric-field-1></user-numeric-field-1>
        <user-numeric-field-2></user-numeric-field-2>
    </inventar>
</data-crow-objects>
