<?xml version="1.0" encoding="UTF-8" ?>
<data-crow-objects xmlns:xsi="http://www.w3.org/2001/XMLSchema-instance" xsi:noNamespaceSchemaLocation="musicgenre.xsd">
    <music-genre>
        <item>Music Genres</item>
        <alternative-names></alternative-names>
        <created>2009-10-17</created>
        <id>101723903934072</id>
        <icon></icon>
        <item>Music Genres</item>
        <label>A Capela</label>
        <modified></modified>
        <name>A Capela</name>
    </music-genre>
    <music-genre>
        <item>Music Genres</item>
        <alternative-names></alternative-names>
        <created>2009-10-17</created>
        <id>101728262429076</id>
        <icon></icon>
        <item>Music Genres</item>
        <label>Acid</label>
        <modified></modified>
        <name>Acid</name>
    </music-genre>
    <music-genre>
        <item>Music Genres</item>
        <alternative-names></alternative-names>
        <created>2009-10-17</created>
        <id>101778475788487</id>
        <icon></icon>
        <item>Music Genres</item>
        <label>Acid Jazz</label>
        <modified></modified>
        <name>Acid Jazz</name>
    </music-genre>
    <music-genre>
        <item>Music Genres</item>
        <alternative-names></alternative-names>
        <created>2009-10-17</created>
        <id>101713376478389</id>
        <icon></icon>
        <item>Music Genres</item>
        <label>Acid Punk</label>
        <modified></modified>
        <name>Acid Punk</name>
    </music-genre>
    <music-genre>
        <item>Music Genres</item>
        <alternative-names></alternative-names>
        <created>2009-10-17</created>
        <id>101743994883529</id>
        <icon></icon>
        <item>Music Genres</item>
        <label>Acoustic</label>
        <modified></modified>
        <name>Acoustic</name>
    </music-genre>
    <music-genre>
        <item>Music Genres</item>
        <alternative-names></alternative-names>
        <created>2009-10-17</created>
        <id>101773891498800</id>
        <icon></icon>
        <item>Music Genres</item>
        <label>Alternative</label>
        <modified></modified>
        <name>Alternative</name>
    </music-genre>
    <music-genre>
        <item>Music Genres</item>
        <alternative-names></alternative-names>
        <created>2009-10-17</created>
        <id>101776160412753</id>
        <icon></icon>
        <item>Music Genres</item>
        <label>AlternRock</label>
        <modified></modified>
        <name>AlternRock</name>
    </music-genre>
    <music-genre>
        <item>Music Genres</item>
        <alternative-names></alternative-names>
        <created>2009-10-17</created>
        <id>101722131370036</id>
        <icon></icon>
        <item>Music Genres</item>
        <label>Ambient</label>
        <modified></modified>
        <name>Ambient</name>
    </music-genre>
    <music-genre>
        <item>Music Genres</item>
        <alternative-names></alternative-names>
        <created>2009-10-17</created>
        <id>101732702623164</id>
        <icon></icon>
        <item>Music Genres</item>
        <label>Anime</label>
        <modified></modified>
        <name>Anime</name>
    </music-genre>
    <music-genre>
        <item>Music Genres</item>
        <alternative-names></alternative-names>
        <created>2009-10-17</created>
        <id>101732184107863</id>
        <icon></icon>
        <item>Music Genres</item>
        <label>Avantgarde</label>
        <modified></modified>
        <name>Avantgarde</name>
    </music-genre>
    <music-genre>
        <item>Music Genres</item>
        <alternative-names></alternative-names>
        <created>2009-10-17</created>
        <id>101745071272428</id>
        <icon></icon>
        <item>Music Genres</item>
        <label>Ballad</label>
        <modified></modified>
        <name>Ballad</name>
    </music-genre>
    <music-genre>
        <item>Music Genres</item>
        <alternative-names></alternative-names>
        <created>2009-10-17</created>
        <id>101775701098512</id>
        <icon></icon>
        <item>Music Genres</item>
        <label>Bass</label>
        <modified></modified>
        <name>Bass</name>
    </music-genre>
    <music-genre>
        <item>Music Genres</item>
        <alternative-names></alternative-names>
        <created>2009-10-17</created>
        <id>101767834846398</id>
        <icon></icon>
        <item>Music Genres</item>
        <label>Beat</label>
        <modified></modified>
        <name>Beat</name>
    </music-genre>
    <music-genre>
        <item>Music Genres</item>
        <alternative-names></alternative-names>
        <created>2009-10-17</created>
        <id>101728977275090</id>
        <icon></icon>
        <item>Music Genres</item>
        <label>Bebob</label>
        <modified></modified>
        <name>Bebob</name>
    </music-genre>
    <music-genre>
        <item>Music Genres</item>
        <alternative-names></alternative-names>
        <created>2009-10-17</created>
        <id>101751189786572</id>
        <icon></icon>
        <item>Music Genres</item>
        <label>Big Band</label>
        <modified></modified>
        <name>Big Band</name>
    </music-genre>
    <music-genre>
        <item>Music Genres</item>
        <alternative-names></alternative-names>
        <created>2009-10-17</created>
        <id>101749602965894</id>
        <icon></icon>
        <item>Music Genres</item>
        <label>Black Metal</label>
        <modified></modified>
        <name>Black Metal</name>
    </music-genre>
    <music-genre>
        <item>Music Genres</item>
        <alternative-names></alternative-names>
        <created>2009-10-17</created>
        <id>101713184731919</id>
        <icon></icon>
        <item>Music Genres</item>
        <label>Bluegrass</label>
        <modified></modified>
        <name>Bluegrass</name>
    </music-genre>
    <music-genre>
        <item>Music Genres</item>
        <alternative-names></alternative-names>
        <created>2009-10-17</created>
        <id>101776751704872</id>
        <icon></icon>
        <item>Music Genres</item>
        <label>Blues</label>
        <modified></modified>
        <name>Blues</name>
    </music-genre>
    <music-genre>
        <item>Music Genres</item>
        <alternative-names></alternative-names>
        <created>2009-10-17</created>
        <id>101754795082640</id>
        <icon></icon>
        <item>Music Genres</item>
        <label>Booty Brass</label>
        <modified></modified>
        <name>Booty Brass</name>
    </music-genre>
    <music-genre>
        <item>Music Genres</item>
        <alternative-names></alternative-names>
        <created>2009-10-17</created>
        <id>101773743653769</id>
        <icon></icon>
        <item>Music Genres</item>
        <label>BritPop</label>
        <modified></modified>
        <name>BritPop</name>
    </music-genre>
    <music-genre>
        <item>Music Genres</item>
        <alternative-names></alternative-names>
        <created>2009-10-17</created>
        <id>101743250139040</id>
        <icon></icon>
        <item>Music Genres</item>
        <label>Cabaret</label>
        <modified></modified>
        <name>Cabaret</name>
    </music-genre>
    <music-genre>
        <item>Music Genres</item>
        <alternative-names></alternative-names>
        <created>2009-10-17</created>
        <id>101728461845756</id>
        <icon></icon>
        <item>Music Genres</item>
        <label>Celtic</label>
        <modified></modified>
        <name>Celtic</name>
    </music-genre>
    <music-genre>
        <item>Music Genres</item>
        <alternative-names></alternative-names>
        <created>2009-10-17</created>
        <id>101755154130419</id>
        <icon></icon>
        <item>Music Genres</item>
        <label>Chamber Music</label>
        <modified></modified>
        <name>Chamber Music</name>
    </music-genre>
    <music-genre>
        <item>Music Genres</item>
        <alternative-names></alternative-names>
        <created>2009-10-17</created>
        <id>101746228295998</id>
        <icon></icon>
        <item>Music Genres</item>
        <label>Chanson</label>
        <modified></modified>
        <name>Chanson</name>
    </music-genre>
    <music-genre>
        <item>Music Genres</item>
        <alternative-names></alternative-names>
        <created>2009-10-17</created>
        <id>101730325519643</id>
        <icon></icon>
        <item>Music Genres</item>
        <label>Chorus</label>
        <modified></modified>
        <name>Chorus</name>
    </music-genre>
    <music-genre>
        <item>Music Genres</item>
        <alternative-names></alternative-names>
        <created>2009-10-17</created>
        <id>101796792788833</id>
        <icon></icon>
        <item>Music Genres</item>
        <label>Christian Gangsta Rap</label>
        <modified></modified>
        <name>Christian Gangsta Rap</name>
    </music-genre>
    <music-genre>
        <item>Music Genres</item>
        <alternative-names></alternative-names>
        <created>2009-10-17</created>
        <id>101731009712400</id>
        <icon></icon>
        <item>Music Genres</item>
        <label>Christian Rap</label>
        <modified></modified>
        <name>Christian Rap</name>
    </music-genre>
    <music-genre>
        <item>Music Genres</item>
        <alternative-names></alternative-names>
        <created>2009-10-17</created>
        <id>101784012203021</id>
        <icon></icon>
        <item>Music Genres</item>
        <label>Christian Rock</label>
        <modified></modified>
        <name>Christian Rock</name>
    </music-genre>
    <music-genre>
        <item>Music Genres</item>
        <alternative-names></alternative-names>
        <created>2009-10-17</created>
        <id>101764957959042</id>
        <icon></icon>
        <item>Music Genres</item>
        <label>Classic Rock</label>
        <modified></modified>
        <name>Classic Rock</name>
    </music-genre>
    <music-genre>
        <item>Music Genres</item>
        <alternative-names></alternative-names>
        <created>2009-10-17</created>
        <id>101748534146192</id>
        <icon></icon>
        <item>Music Genres</item>
        <label>Classical</label>
        <modified></modified>
        <name>Classical</name>
    </music-genre>
    <music-genre>
        <item>Music Genres</item>
        <alternative-names></alternative-names>
        <created>2009-10-17</created>
        <id>101710367897548</id>
        <icon></icon>
        <item>Music Genres</item>
        <label>Club</label>
        <modified></modified>
        <name>Club</name>
    </music-genre>
    <music-genre>
        <item>Music Genres</item>
        <alternative-names></alternative-names>
        <created>2009-10-17</created>
        <id>101789584752773</id>
        <icon></icon>
        <item>Music Genres</item>
        <label>Club-House</label>
        <modified></modified>
        <name>Club-House</name>
    </music-genre>
    <music-genre>
        <item>Music Genres</item>
        <alternative-names></alternative-names>
        <created>2009-10-17</created>
        <id>101733922974392</id>
        <icon></icon>
        <item>Music Genres</item>
        <label>Comedy</label>
        <modified></modified>
        <name>Comedy</name>
    </music-genre>
    <music-genre>
        <item>Music Genres</item>
        <alternative-names></alternative-names>
        <created>2009-10-17</created>
        <id>101750576791132</id>
        <icon></icon>
        <item>Music Genres</item>
        <label>Contemporary Christian</label>
        <modified></modified>
        <name>Contemporary Christian</name>
    </music-genre>
    <music-genre>
        <item>Music Genres</item>
        <alternative-names></alternative-names>
        <created>2009-10-17</created>
        <id>101756651967331</id>
        <icon></icon>
        <item>Music Genres</item>
        <label>Country</label>
        <modified></modified>
        <name>Country</name>
    </music-genre>
    <music-genre>
        <item>Music Genres</item>
        <alternative-names></alternative-names>
        <created>2009-10-17</created>
        <id>101766644209636</id>
        <icon></icon>
        <item>Music Genres</item>
        <label>Crossover</label>
        <modified></modified>
        <name>Crossover</name>
    </music-genre>
    <music-genre>
        <item>Music Genres</item>
        <alternative-names></alternative-names>
        <created>2009-10-17</created>
        <id>101720243024738</id>
        <icon></icon>
        <item>Music Genres</item>
        <label>Cult</label>
        <modified></modified>
        <name>Cult</name>
    </music-genre>
    <music-genre>
        <item>Music Genres</item>
        <alternative-names></alternative-names>
        <created>2009-10-17</created>
        <id>101732099050932</id>
        <icon></icon>
        <item>Music Genres</item>
        <label>Dance</label>
        <modified></modified>
        <name>Dance</name>
    </music-genre>
    <music-genre>
        <item>Music Genres</item>
        <alternative-names></alternative-names>
        <created>2009-10-17</created>
        <id>101751567776095</id>
        <icon></icon>
        <item>Music Genres</item>
        <label>Dance Hall</label>
        <modified></modified>
        <name>Dance Hall</name>
    </music-genre>
    <music-genre>
        <item>Music Genres</item>
        <alternative-names></alternative-names>
        <created>2009-10-17</created>
        <id>101752344847100</id>
        <icon></icon>
        <item>Music Genres</item>
        <label>Darkwave</label>
        <modified></modified>
        <name>Darkwave</name>
    </music-genre>
    <music-genre>
        <item>Music Genres</item>
        <alternative-names></alternative-names>
        <created>2009-10-17</created>
        <id>101713222011464</id>
        <icon></icon>
        <item>Music Genres</item>
        <label>Death Metal</label>
        <modified></modified>
        <name>Death Metal</name>
    </music-genre>
    <music-genre>
        <item>Music Genres</item>
        <alternative-names></alternative-names>
        <created>2009-10-17</created>
        <id>101771270108158</id>
        <icon></icon>
        <item>Music Genres</item>
        <label>Disco</label>
        <modified></modified>
        <name>Disco</name>
    </music-genre>
    <music-genre>
        <item>Music Genres</item>
        <alternative-names></alternative-names>
        <created>2009-10-17</created>
        <id>101757413217752</id>
        <icon></icon>
        <item>Music Genres</item>
        <label>Dream</label>
        <modified></modified>
        <name>Dream</name>
    </music-genre>
    <music-genre>
        <item>Music Genres</item>
        <alternative-names></alternative-names>
        <created>2009-10-17</created>
        <id>101754743623382</id>
        <icon></icon>
        <item>Music Genres</item>
        <label>Drum &amp; Bass</label>
        <modified></modified>
        <name>Drum &amp; Bass</name>
    </music-genre>
    <music-genre>
        <item>Music Genres</item>
        <alternative-names></alternative-names>
        <created>2009-10-17</created>
        <id>101779721307545</id>
        <icon></icon>
        <item>Music Genres</item>
        <label>Drum Solo</label>
        <modified></modified>
        <name>Drum Solo</name>
    </music-genre>
    <music-genre>
        <item>Music Genres</item>
        <alternative-names></alternative-names>
        <created>2009-10-17</created>
        <id>101786625275344</id>
        <icon></icon>
        <item>Music Genres</item>
        <label>Duet</label>
        <modified></modified>
        <name>Duet</name>
    </music-genre>
    <music-genre>
        <item>Music Genres</item>
        <alternative-names></alternative-names>
        <created>2009-10-17</created>
        <id>101786210970642</id>
        <icon></icon>
        <item>Music Genres</item>
        <label>Easy Listening</label>
        <modified></modified>
        <name>Easy Listening</name>
    </music-genre>
    <music-genre>
        <item>Music Genres</item>
        <alternative-names></alternative-names>
        <created>2009-10-17</created>
        <id>101773821708193</id>
        <icon></icon>
        <item>Music Genres</item>
        <label>Electronic</label>
        <modified></modified>
        <name>Electronic</name>
    </music-genre>
    <music-genre>
        <item>Music Genres</item>
        <alternative-names></alternative-names>
        <created>2009-10-17</created>
        <id>101724261410107</id>
        <icon></icon>
        <item>Music Genres</item>
        <label>Ethnic</label>
        <modified></modified>
        <name>Ethnic</name>
    </music-genre>
    <music-genre>
        <item>Music Genres</item>
        <alternative-names></alternative-names>
        <created>2009-10-17</created>
        <id>101741481964620</id>
        <icon></icon>
        <item>Music Genres</item>
        <label>Euro-House</label>
        <modified></modified>
        <name>Euro-House</name>
    </music-genre>
    <music-genre>
        <item>Music Genres</item>
        <alternative-names></alternative-names>
        <created>2009-10-17</created>
        <id>101778551088311</id>
        <icon></icon>
        <item>Music Genres</item>
        <label>Euro-Techno</label>
        <modified></modified>
        <name>Euro-Techno</name>
    </music-genre>
    <music-genre>
        <item>Music Genres</item>
        <alternative-names></alternative-names>
        <created>2009-10-17</created>
        <id>101727671942741</id>
        <icon></icon>
        <item>Music Genres</item>
        <label>Eurodance</label>
        <modified></modified>
        <name>Eurodance</name>
    </music-genre>
    <music-genre>
        <item>Music Genres</item>
        <alternative-names></alternative-names>
        <created>2009-10-17</created>
        <id>101754298573853</id>
        <icon></icon>
        <item>Music Genres</item>
        <label>Fast Fusion</label>
        <modified></modified>
        <name>Fast Fusion</name>
    </music-genre>
    <music-genre>
        <item>Music Genres</item>
        <alternative-names></alternative-names>
        <created>2009-10-17</created>
        <id>101768031859678</id>
        <icon></icon>
        <item>Music Genres</item>
        <label>Folk</label>
        <modified></modified>
        <name>Folk</name>
    </music-genre>
    <music-genre>
        <item>Music Genres</item>
        <alternative-names></alternative-names>
        <created>2009-10-17</created>
        <id>101716782712486</id>
        <icon></icon>
        <item>Music Genres</item>
        <label>Folk-Rock</label>
        <modified></modified>
        <name>Folk-Rock</name>
    </music-genre>
    <music-genre>
        <item>Music Genres</item>
        <alternative-names></alternative-names>
        <created>2009-10-17</created>
        <id>101740005637879</id>
        <icon></icon>
        <item>Music Genres</item>
        <label>Folklore</label>
        <modified></modified>
        <name>Folklore</name>
    </music-genre>
    <music-genre>
        <item>Music Genres</item>
        <alternative-names></alternative-names>
        <created>2009-10-17</created>
        <id>101791484499995</id>
        <icon></icon>
        <item>Music Genres</item>
        <label>Freestyle</label>
        <modified></modified>
        <name>Freestyle</name>
    </music-genre>
    <music-genre>
        <item>Music Genres</item>
        <alternative-names></alternative-names>
        <created>2009-10-17</created>
        <id>101767248674101</id>
        <icon></icon>
        <item>Music Genres</item>
        <label>Funk</label>
        <modified></modified>
        <name>Funk</name>
    </music-genre>
    <music-genre>
        <item>Music Genres</item>
        <alternative-names></alternative-names>
        <created>2009-10-17</created>
        <id>101730080057695</id>
        <icon></icon>
        <item>Music Genres</item>
        <label>Fusion</label>
        <modified></modified>
        <name>Fusion</name>
    </music-genre>
    <music-genre>
        <item>Music Genres</item>
        <alternative-names></alternative-names>
        <created>2009-10-17</created>
        <id>101777542610085</id>
        <icon></icon>
        <item>Music Genres</item>
        <label>Game</label>
        <modified></modified>
        <name>Game</name>
    </music-genre>
    <music-genre>
        <item>Music Genres</item>
        <alternative-names></alternative-names>
        <created>2009-10-17</created>
        <id>101760525555992</id>
        <icon></icon>
        <item>Music Genres</item>
        <label>Gangsta</label>
        <modified></modified>
        <name>Gangsta</name>
    </music-genre>
    <music-genre>
        <item>Music Genres</item>
        <alternative-names></alternative-names>
        <created>2009-10-17</created>
        <id>101721303042712</id>
        <icon></icon>
        <item>Music Genres</item>
        <label>Goa</label>
        <modified></modified>
        <name>Goa</name>
    </music-genre>
    <music-genre>
        <item>Music Genres</item>
        <alternative-names></alternative-names>
        <created>2009-10-17</created>
        <id>101760696849217</id>
        <icon></icon>
        <item>Music Genres</item>
        <label>Gospel</label>
        <modified></modified>
        <name>Gospel</name>
    </music-genre>
    <music-genre>
        <item>Music Genres</item>
        <alternative-names></alternative-names>
        <created>2009-10-17</created>
        <id>101768132705599</id>
        <icon></icon>
        <item>Music Genres</item>
        <label>Gothic</label>
        <modified></modified>
        <name>Gothic</name>
    </music-genre>
    <music-genre>
        <item>Music Genres</item>
        <alternative-names></alternative-names>
        <created>2009-10-17</created>
        <id>101725725214715</id>
        <icon></icon>
        <item>Music Genres</item>
        <label>Gothic Rock</label>
        <modified></modified>
        <name>Gothic Rock</name>
    </music-genre>
    <music-genre>
        <item>Music Genres</item>
        <alternative-names></alternative-names>
        <created>2009-10-17</created>
        <id>101727658438959</id>
        <icon></icon>
        <item>Music Genres</item>
        <label>Grunge</label>
        <modified></modified>
        <name>Grunge</name>
    </music-genre>
    <music-genre>
        <item>Music Genres</item>
        <alternative-names></alternative-names>
        <created>2009-10-17</created>
        <id>101740200381278</id>
        <icon></icon>
        <item>Music Genres</item>
        <label>Hard Rock</label>
        <modified></modified>
        <name>Hard Rock</name>
    </music-genre>
    <music-genre>
        <item>Music Genres</item>
        <alternative-names></alternative-names>
        <created>2009-10-17</created>
        <id>101775471887432</id>
        <icon></icon>
        <item>Music Genres</item>
        <label>Hardcore</label>
        <modified></modified>
        <name>Hardcore</name>
    </music-genre>
    <music-genre>
        <item>Music Genres</item>
        <alternative-names></alternative-names>
        <created>2009-10-17</created>
        <id>101724201772076</id>
        <icon></icon>
        <item>Music Genres</item>
        <label>Heavy Metal</label>
        <modified></modified>
        <name>Heavy Metal</name>
    </music-genre>
    <music-genre>
        <item>Music Genres</item>
        <alternative-names></alternative-names>
        <created>2009-10-17</created>
        <id>101728734175137</id>
        <icon></icon>
        <item>Music Genres</item>
        <label>Hip-Hop</label>
        <modified></modified>
        <name>Hip-Hop</name>
    </music-genre>
    <music-genre>
        <item>Music Genres</item>
        <alternative-names></alternative-names>
        <created>2009-10-17</created>
        <id>101759031687818</id>
        <icon></icon>
        <item>Music Genres</item>
        <label>House</label>
        <modified></modified>
        <name>House</name>
    </music-genre>
    <music-genre>
        <item>Music Genres</item>
        <alternative-names></alternative-names>
        <created>2009-10-17</created>
        <id>101783567910043</id>
        <icon></icon>
        <item>Music Genres</item>
        <label>Humour</label>
        <modified></modified>
        <name>Humour</name>
    </music-genre>
    <music-genre>
        <item>Music Genres</item>
        <alternative-names></alternative-names>
        <created>2009-10-17</created>
        <id>101738450289799</id>
        <icon></icon>
        <item>Music Genres</item>
        <label>Indie</label>
        <modified></modified>
        <name>Indie</name>
    </music-genre>
    <music-genre>
        <item>Music Genres</item>
        <alternative-names></alternative-names>
        <created>2009-10-17</created>
        <id>101729408293224</id>
        <icon></icon>
        <item>Music Genres</item>
        <label>Industrial</label>
        <modified></modified>
        <name>Industrial</name>
    </music-genre>
    <music-genre>
        <item>Music Genres</item>
        <alternative-names></alternative-names>
        <created>2009-10-17</created>
        <id>101735620216915</id>
        <icon></icon>
        <item>Music Genres</item>
        <label>Instrumental</label>
        <modified></modified>
        <name>Instrumental</name>
    </music-genre>
    <music-genre>
        <item>Music Genres</item>
        <alternative-names></alternative-names>
        <created>2009-10-17</created>
        <id>101755545238937</id>
        <icon></icon>
        <item>Music Genres</item>
        <label>Instrumental Pop</label>
        <modified></modified>
        <name>Instrumental Pop</name>
    </music-genre>
    <music-genre>
        <item>Music Genres</item>
        <alternative-names></alternative-names>
        <created>2009-10-17</created>
        <id>101752075119735</id>
        <icon></icon>
        <item>Music Genres</item>
        <label>Instrumental Rock</label>
        <modified></modified>
        <name>Instrumental Rock</name>
    </music-genre>
    <music-genre>
        <item>Music Genres</item>
        <alternative-names></alternative-names>
        <created>2009-10-17</created>
        <id>101767227099103</id>
        <icon></icon>
        <item>Music Genres</item>
        <label>Jazz</label>
        <modified></modified>
        <name>Jazz</name>
    </music-genre>
    <music-genre>
        <item>Music Genres</item>
        <alternative-names></alternative-names>
        <created>2009-10-17</created>
        <id>101731038906154</id>
        <icon></icon>
        <item>Music Genres</item>
        <label>Jazz+Funk</label>
        <modified></modified>
        <name>Jazz+Funk</name>
    </music-genre>
    <music-genre>
        <item>Music Genres</item>
        <alternative-names></alternative-names>
        <created>2009-10-17</created>
        <id>101766318075048</id>
        <icon></icon>
        <item>Music Genres</item>
        <label>JPop</label>
        <modified></modified>
        <name>JPop</name>
    </music-genre>
    <music-genre>
        <item>Music Genres</item>
        <alternative-names></alternative-names>
        <created>2009-10-17</created>
        <id>101790066206130</id>
        <icon></icon>
        <item>Music Genres</item>
        <label>Jungle</label>
        <modified></modified>
        <name>Jungle</name>
    </music-genre>
    <music-genre>
        <item>Music Genres</item>
        <alternative-names></alternative-names>
        <created>2009-10-17</created>
        <id>101758361711950</id>
        <icon></icon>
        <item>Music Genres</item>
        <label>Latin</label>
        <modified></modified>
        <name>Latin</name>
    </music-genre>
    <music-genre>
        <item>Music Genres</item>
        <alternative-names></alternative-names>
        <created>2009-10-17</created>
        <id>101736768162135</id>
        <icon></icon>
        <item>Music Genres</item>
        <label>Lo-Fi</label>
        <modified></modified>
        <name>Lo-Fi</name>
    </music-genre>
    <music-genre>
        <item>Music Genres</item>
        <alternative-names></alternative-names>
        <created>2009-10-17</created>
        <id>101789223652496</id>
        <icon></icon>
        <item>Music Genres</item>
        <label>Meditative</label>
        <modified></modified>
        <name>Meditative</name>
    </music-genre>
    <music-genre>
        <item>Music Genres</item>
        <alternative-names></alternative-names>
        <created>2009-10-17</created>
        <id>101747691055948</id>
        <icon></icon>
        <item>Music Genres</item>
        <label>Merengue</label>
        <modified></modified>
        <name>Merengue</name>
    </music-genre>
    <music-genre>
        <item>Music Genres</item>
        <alternative-names></alternative-names>
        <created>2009-10-17</created>
        <id>101768390496183</id>
        <icon></icon>
        <item>Music Genres</item>
        <label>Metal</label>
        <modified></modified>
        <name>Metal</name>
    </music-genre>
    <music-genre>
        <item>Music Genres</item>
        <alternative-names></alternative-names>
        <created>2009-10-17</created>
        <id>101761119051045</id>
        <icon></icon>
        <item>Music Genres</item>
        <label>Musical</label>
        <modified></modified>
        <name>Musical</name>
    </music-genre>
    <music-genre>
        <item>Music Genres</item>
        <alternative-names></alternative-names>
        <created>2009-10-17</created>
        <id>101727176518514</id>
        <icon></icon>
        <item>Music Genres</item>
        <label>National Folk</label>
        <modified></modified>
        <name>National Folk</name>
    </music-genre>
    <music-genre>
        <item>Music Genres</item>
        <alternative-names></alternative-names>
        <created>2009-10-17</created>
        <id>101739799407687</id>
        <icon></icon>
        <item>Music Genres</item>
        <label>Native American</label>
        <modified></modified>
        <name>Native American</name>
    </music-genre>
    <music-genre>
        <item>Music Genres</item>
        <alternative-names></alternative-names>
        <created>2009-10-17</created>
        <id>101751543306060</id>
        <icon></icon>
        <item>Music Genres</item>
        <label>Negerpunk</label>
        <modified></modified>
        <name>Negerpunk</name>
    </music-genre>
    <music-genre>
        <item>Music Genres</item>
        <alternative-names></alternative-names>
        <created>2009-10-17</created>
        <id>101711415956433</id>
        <icon></icon>
        <item>Music Genres</item>
        <label>New Age</label>
        <modified></modified>
        <name>New Age</name>
    </music-genre>
    <music-genre>
        <item>Music Genres</item>
        <alternative-names></alternative-names>
        <created>2009-10-17</created>
        <id>101720857247291</id>
        <icon></icon>
        <item>Music Genres</item>
        <label>New Wave</label>
        <modified></modified>
        <name>New Wave</name>
    </music-genre>
    <music-genre>
        <item>Music Genres</item>
        <alternative-names></alternative-names>
        <created>2009-10-17</created>
        <id>101739823306260</id>
        <icon></icon>
        <item>Music Genres</item>
        <label>Noise</label>
        <modified></modified>
        <name>Noise</name>
    </music-genre>
    <music-genre>
        <item>Music Genres</item>
        <alternative-names></alternative-names>
        <created>2009-10-17</created>
        <id>101746075386282</id>
        <icon></icon>
        <item>Music Genres</item>
        <label>Oldies</label>
        <modified></modified>
        <name>Oldies</name>
    </music-genre>
    <music-genre>
        <item>Music Genres</item>
        <alternative-names></alternative-names>
        <created>2009-10-17</created>
        <id>101712345210318</id>
        <icon></icon>
        <item>Music Genres</item>
        <label>Opera</label>
        <modified></modified>
        <name>Opera</name>
    </music-genre>
    <music-genre>
        <item>Music Genres</item>
        <alternative-names></alternative-names>
        <created>2009-10-17</created>
        <id>101783399249455</id>
        <icon></icon>
        <item>Music Genres</item>
        <label>Other</label>
        <modified></modified>
        <name>Other</name>
    </music-genre>
    <music-genre>
        <item>Music Genres</item>
        <alternative-names></alternative-names>
        <created>2009-10-17</created>
        <id>101731996050263</id>
        <icon></icon>
        <item>Music Genres</item>
        <label>Polka</label>
        <modified></modified>
        <name>Polka</name>
    </music-genre>
    <music-genre>
        <item>Music Genres</item>
        <alternative-names></alternative-names>
        <created>2009-10-17</created>
        <id>101738412960638</id>
        <icon></icon>
        <item>Music Genres</item>
        <label>Polsk Punk</label>
        <modified></modified>
        <name>Polsk Punk</name>
    </music-genre>
    <music-genre>
        <item>Music Genres</item>
        <alternative-names></alternative-names>
        <created>2009-10-17</created>
        <id>101734842654619</id>
        <icon></icon>
        <item>Music Genres</item>
        <label>Pop</label>
        <modified></modified>
        <name>Pop</name>
    </music-genre>
    <music-genre>
        <item>Music Genres</item>
        <alternative-names></alternative-names>
        <created>2009-10-17</created>
        <id>101779686635502</id>
        <icon></icon>
        <item>Music Genres</item>
        <label>Pop-Folk</label>
        <modified></modified>
        <name>Pop-Folk</name>
    </music-genre>
    <music-genre>
        <item>Music Genres</item>
        <alternative-names></alternative-names>
        <created>2009-10-17</created>
        <id>101747787783274</id>
        <icon></icon>
        <item>Music Genres</item>
        <label>Pop/Funk</label>
        <modified></modified>
        <name>Pop/Funk</name>
    </music-genre>
    <music-genre>
        <item>Music Genres</item>
        <alternative-names></alternative-names>
        <created>2009-10-17</created>
        <id>101757343738973</id>
        <icon></icon>
        <item>Music Genres</item>
        <label>Porn Groove</label>
        <modified></modified>
        <name>Porn Groove</name>
    </music-genre>
    <music-genre>
        <item>Music Genres</item>
        <alternative-names></alternative-names>
        <created>2009-10-17</created>
        <id>101763411960563</id>
        <icon></icon>
        <item>Music Genres</item>
        <label>Power Ballad</label>
        <modified></modified>
        <name>Power Ballad</name>
    </music-genre>
    <music-genre>
        <item>Music Genres</item>
        <alternative-names></alternative-names>
        <created>2009-10-17</created>
        <id>101740157703656</id>
        <icon></icon>
        <item>Music Genres</item>
        <label>Pranks</label>
        <modified></modified>
        <name>Pranks</name>
    </music-genre>
    <music-genre>
        <item>Music Genres</item>
        <alternative-names></alternative-names>
        <created>2009-10-17</created>
        <id>101764255576560</id>
        <icon></icon>
        <item>Music Genres</item>
        <label>Primus</label>
        <modified></modified>
        <name>Primus</name>
    </music-genre>
    <music-genre>
        <item>Music Genres</item>
        <alternative-names></alternative-names>
        <created>2009-10-17</created>
        <id>101797432616300</id>
        <icon></icon>
        <item>Music Genres</item>
        <label>Progressive Rock</label>
        <modified></modified>
        <name>Progressive Rock</name>
    </music-genre>
    <music-genre>
        <item>Music Genres</item>
        <alternative-names></alternative-names>
        <created>2009-10-17</created>
        <id>101725718396152</id>
        <icon></icon>
        <item>Music Genres</item>
        <label>Psychadelic</label>
        <modified></modified>
        <name>Psychadelic</name>
    </music-genre>
    <music-genre>
        <item>Music Genres</item>
        <alternative-names></alternative-names>
        <created>2009-10-17</created>
        <id>101751788456144</id>
        <icon></icon>
        <item>Music Genres</item>
        <label>Psychedelic Rock</label>
        <modified></modified>
        <name>Psychedelic Rock</name>
    </music-genre>
    <music-genre>
        <item>Music Genres</item>
        <alternative-names></alternative-names>
        <created>2009-10-17</created>
        <id>101781349396405</id>
        <icon></icon>
        <item>Music Genres</item>
        <label>Punk</label>
        <modified></modified>
        <name>Punk</name>
    </music-genre>
    <music-genre>
        <item>Music Genres</item>
        <alternative-names></alternative-names>
        <created>2009-10-17</created>
        <id>101785847720209</id>
        <icon></icon>
        <item>Music Genres</item>
        <label>Punk Rock</label>
        <modified></modified>
        <name>Punk Rock</name>
    </music-genre>
    <music-genre>
        <item>Music Genres</item>
        <alternative-names></alternative-names>
        <created>2009-10-17</created>
        <id>101733344291219</id>
        <icon></icon>
        <item>Music Genres</item>
        <label>R&amp;B</label>
        <modified></modified>
        <name>R&amp;B</name>
    </music-genre>
    <music-genre>
        <item>Music Genres</item>
        <alternative-names></alternative-names>
        <created>2009-10-17</created>
        <id>101735945581406</id>
        <icon></icon>
        <item>Music Genres</item>
        <label>Rap</label>
        <modified></modified>
        <name>Rap</name>
    </music-genre>
    <music-genre>
        <item>Music Genres</item>
        <alternative-names></alternative-names>
        <created>2009-10-17</created>
        <id>101724822246140</id>
        <icon></icon>
        <item>Music Genres</item>
        <label>Rave</label>
        <modified></modified>
        <name>Rave</name>
    </music-genre>
    <music-genre>
        <item>Music Genres</item>
        <alternative-names></alternative-names>
        <created>2009-10-17</created>
        <id>101780313024224</id>
        <icon></icon>
        <item>Music Genres</item>
        <label>Reggae</label>
        <modified></modified>
        <name>Reggae</name>
    </music-genre>
    <music-genre>
        <item>Music Genres</item>
        <alternative-names></alternative-names>
        <created>2009-10-17</created>
        <id>101758608164627</id>
        <icon></icon>
        <item>Music Genres</item>
        <label>Retro</label>
        <modified></modified>
        <name>Retro</name>
    </music-genre>
    <music-genre>
        <item>Music Genres</item>
        <alternative-names></alternative-names>
        <created>2009-10-17</created>
        <id>101779368605810</id>
        <icon></icon>
        <item>Music Genres</item>
        <label>Revival</label>
        <modified></modified>
        <name>Revival</name>
    </music-genre>
    <music-genre>
        <item>Music Genres</item>
        <alternative-names></alternative-names>
        <created>2009-10-17</created>
        <id>101755678778463</id>
        <icon></icon>
        <item>Music Genres</item>
        <label>Rhythmic Soul</label>
        <modified></modified>
        <name>Rhythmic Soul</name>
    </music-genre>
    <music-genre>
        <item>Music Genres</item>
        <alternative-names></alternative-names>
        <created>2009-10-17</created>
        <id>101758576861537</id>
        <icon></icon>
        <item>Music Genres</item>
        <label>Rock</label>
        <modified></modified>
        <name>Rock</name>
    </music-genre>
    <music-genre>
        <item>Music Genres</item>
        <alternative-names></alternative-names>
        <created>2009-10-17</created>
        <id>101770910083290</id>
        <icon></icon>
        <item>Music Genres</item>
        <label>Rock &amp; Roll</label>
        <modified></modified>
        <name>Rock &amp; Roll</name>
    </music-genre>
    <music-genre>
        <item>Music Genres</item>
        <alternative-names></alternative-names>
        <created>2009-10-17</created>
        <id>101769519647336</id>
        <icon></icon>
        <item>Music Genres</item>
        <label>Salsa</label>
        <modified></modified>
        <name>Salsa</name>
    </music-genre>
    <music-genre>
        <item>Music Genres</item>
        <alternative-names></alternative-names>
        <created>2009-10-17</created>
        <id>101743140772631</id>
        <icon></icon>
        <item>Music Genres</item>
        <label>Samba</label>
        <modified></modified>
        <name>Samba</name>
    </music-genre>
    <music-genre>
        <item>Music Genres</item>
        <alternative-names></alternative-names>
        <created>2009-10-17</created>
        <id>101764457337727</id>
        <icon></icon>
        <item>Music Genres</item>
        <label>Satire</label>
        <modified></modified>
        <name>Satire</name>
    </music-genre>
    <music-genre>
        <item>Music Genres</item>
        <alternative-names></alternative-names>
        <created>2009-10-17</created>
        <id>101756517269842</id>
        <icon></icon>
        <item>Music Genres</item>
        <label>Showtunes</label>
        <modified></modified>
        <name>Showtunes</name>
    </music-genre>
    <music-genre>
        <item>Music Genres</item>
        <alternative-names></alternative-names>
        <created>2009-10-17</created>
        <id>101731097134986</id>
        <icon></icon>
        <item>Music Genres</item>
        <label>Ska</label>
        <modified></modified>
        <name>Ska</name>
    </music-genre>
    <music-genre>
        <item>Music Genres</item>
        <alternative-names></alternative-names>
        <created>2009-10-17</created>
        <id>101758903524677</id>
        <icon></icon>
        <item>Music Genres</item>
        <label>Slow Jam</label>
        <modified></modified>
        <name>Slow Jam</name>
    </music-genre>
    <music-genre>
        <item>Music Genres</item>
        <alternative-names></alternative-names>
        <created>2009-10-17</created>
        <id>101715595935516</id>
        <icon></icon>
        <item>Music Genres</item>
        <label>Slow Rock</label>
        <modified></modified>
        <name>Slow Rock</name>
    </music-genre>
    <music-genre>
        <item>Music Genres</item>
        <alternative-names></alternative-names>
        <created>2009-10-17</created>
        <id>101716610064702</id>
        <icon></icon>
        <item>Music Genres</item>
        <label>Sonata</label>
        <modified></modified>
        <name>Sonata</name>
    </music-genre>
    <music-genre>
        <item>Music Genres</item>
        <alternative-names></alternative-names>
        <created>2009-10-17</created>
        <id>101712492381245</id>
        <icon></icon>
        <item>Music Genres</item>
        <label>Soul</label>
        <modified></modified>
        <name>Soul</name>
    </music-genre>
    <music-genre>
        <item>Music Genres</item>
        <alternative-names></alternative-names>
        <created>2009-10-17</created>
        <id>101762691424175</id>
        <icon></icon>
        <item>Music Genres</item>
        <label>Sound Clip</label>
        <modified></modified>
        <name>Sound Clip</name>
    </music-genre>
    <music-genre>
        <item>Music Genres</item>
        <alternative-names></alternative-names>
        <created>2009-10-17</created>
        <id>101720456235197</id>
        <icon></icon>
        <item>Music Genres</item>
        <label>Soundtrack</label>
        <modified></modified>
        <name>Soundtrack</name>
    </music-genre>
    <music-genre>
        <item>Music Genres</item>
        <alternative-names></alternative-names>
        <created>2009-10-17</created>
        <id>101715180901042</id>
        <icon></icon>
        <item>Music Genres</item>
        <label>Southern Rock</label>
        <modified></modified>
        <name>Southern Rock</name>
    </music-genre>
    <music-genre>
        <item>Music Genres</item>
        <alternative-names></alternative-names>
        <created>2009-10-17</created>
        <id>101762218245647</id>
        <icon></icon>
        <item>Music Genres</item>
        <label>Space</label>
        <modified></modified>
        <name>Space</name>
    </music-genre>
    <music-genre>
        <item>Music Genres</item>
        <alternative-names></alternative-names>
        <created>2009-10-17</created>
        <id>101764611268877</id>
        <icon></icon>
        <item>Music Genres</item>
        <label>Speech</label>
        <modified></modified>
        <name>Speech</name>
    </music-genre>
    <music-genre>
        <item>Music Genres</item>
        <alternative-names></alternative-names>
        <created>2009-10-17</created>
        <id>101773876695816</id>
        <icon></icon>
        <item>Music Genres</item>
        <label>Swing</label>
        <modified></modified>
        <name>Swing</name>
    </music-genre>
    <music-genre>
        <item>Music Genres</item>
        <alternative-names></alternative-names>
        <created>2009-10-17</created>
        <id>101762351091791</id>
        <icon></icon>
        <item>Music Genres</item>
        <label>Symphonic Rock</label>
        <modified></modified>
        <name>Symphonic Rock</name>
    </music-genre>
    <music-genre>
        <item>Music Genres</item>
        <alternative-names></alternative-names>
        <created>2009-10-17</created>
        <id>101735675324254</id>
        <icon></icon>
        <item>Music Genres</item>
        <label>Symphony</label>
        <modified></modified>
        <name>Symphony</name>
    </music-genre>
    <music-genre>
        <item>Music Genres</item>
        <alternative-names></alternative-names>
        <created>2009-10-17</created>
        <id>101769378603107</id>
        <icon></icon>
        <item>Music Genres</item>
        <label>SynthPop</label>
        <modified></modified>
        <name>SynthPop</name>
    </music-genre>
    <music-genre>
        <item>Music Genres</item>
        <alternative-names></alternative-names>
        <created>2009-10-17</created>
        <id>101761395640112</id>
        <icon></icon>
        <item>Music Genres</item>
        <label>Tango</label>
        <modified></modified>
        <name>Tango</name>
    </music-genre>
    <music-genre>
        <item>Music Genres</item>
        <alternative-names></alternative-names>
        <created>2009-10-17</created>
        <id>101746756755574</id>
        <icon></icon>
        <item>Music Genres</item>
        <label>Techno</label>
        <modified></modified>
        <name>Techno</name>
    </music-genre>
    <music-genre>
        <item>Music Genres</item>
        <alternative-names></alternative-names>
        <created>2009-10-17</created>
        <id>101740675802736</id>
        <icon></icon>
        <item>Music Genres</item>
        <label>Techno-Industrial</label>
        <modified></modified>
        <name>Techno-Industrial</name>
    </music-genre>
    <music-genre>
        <item>Music Genres</item>
        <alternative-names></alternative-names>
        <created>2009-10-17</created>
        <id>101728605381435</id>
        <icon></icon>
        <item>Music Genres</item>
        <label>Terror</label>
        <modified></modified>
        <name>Terror</name>
    </music-genre>
    <music-genre>
        <item>Music Genres</item>
        <alternative-names></alternative-names>
        <created>2009-10-17</created>
        <id>101790588108511</id>
        <icon></icon>
        <item>Music Genres</item>
        <label>Thrash Metal</label>
        <modified></modified>
        <name>Thrash Metal</name>
    </music-genre>
    <music-genre>
        <item>Music Genres</item>
        <alternative-names></alternative-names>
        <created>2009-10-17</created>
        <id>101711804153342</id>
        <icon></icon>
        <item>Music Genres</item>
        <label>Top 40</label>
        <modified></modified>
        <name>Top 40</name>
    </music-genre>
    <music-genre>
        <item>Music Genres</item>
        <alternative-names></alternative-names>
        <created>2009-10-17</created>
        <id>101750244683750</id>
        <icon></icon>
        <item>Music Genres</item>
        <label>Trailer</label>
        <modified></modified>
        <name>Trailer</name>
    </music-genre>
    <music-genre>
        <item>Music Genres</item>
        <alternative-names></alternative-names>
        <created>2009-10-17</created>
        <id>101736337705439</id>
        <icon></icon>
        <item>Music Genres</item>
        <label>Trance</label>
        <modified></modified>
        <name>Trance</name>
    </music-genre>
    <music-genre>
        <item>Music Genres</item>
        <alternative-names></alternative-names>
        <created>2009-10-17</created>
        <id>101749574844877</id>
        <icon></icon>
        <item>Music Genres</item>
        <label>Tribal</label>
        <modified></modified>
        <name>Tribal</name>
    </music-genre>
    <music-genre>
        <item>Music Genres</item>
        <alternative-names></alternative-names>
        <created>2009-10-17</created>
        <id>101713822446820</id>
        <icon></icon>
        <item>Music Genres</item>
        <label>Trip-Hop</label>
        <modified></modified>
        <name>Trip-Hop</name>
    </music-genre>
    <music-genre>
        <item>Music Genres</item>
        <alternative-names></alternative-names>
        <created>2009-10-17</created>
        <id>101789014480407</id>
        <icon></icon>
        <item>Music Genres</item>
        <label>Vocal</label>
        <modified></modified>
        <name>Vocal</name>
    </music-genre>
</data-crow-objects>
