<?xml version="1.0" encoding="UTF-8" ?>
<data-crow-objects xmlns:xsi="http://www.w3.org/2001/XMLSchema-instance" xsi:noNamespaceSchemaLocation="inventar.xsd">
    <inventar>
        <item>Inventargegenstaende</item>
        <id>ac19e2c6-6906-4f14-b474-59f24a6bf3b3</id>
        <created>2013-02-14</created>
        <days-loaned></days-loaned>
        <name>Cocktail-Set</name>
        <container-type></container-type>
        <picture-front>./inventar_images/ac19e2c6-6906-4f14-b474-59f24a6bf3b3_PictureFront.jpg</picture-front>
        <modified>2013-03-19</modified>
        <item>Inventargegenstaende</item>
        <description>Ein großes Cocktail-Set für Parties / One big cocktail-set for parties

(Bildquelle / Picturesource: http://upload.wikimedia.org/wikipedia/commons/thumb/5/51/Cocktails_mit_Schirmchen.jpg/800px-Cocktails_mit_Schirmchen.jpg)</description>
        <anprechpartner_persist>7e1675fe-6f5e-4e4b-93d0-623e8d94febd</anprechpartner_persist>
        <icon></icon>
        <lend-by></lend-by>
        <parent>Kühlschrank, 002, Kuehlschrank</parent>
        <available>true</available>
        <stichworte_persist>32d35e2f-1908-4409-8c38-9e5ce0c87a5e</stichworte_persist>
        <external-references_persist>58c5e861-1154-45fa-8da8-e58a2c7e1be0</external-references_persist>
        <inventarkategorie></inventarkategorie>
        <raum>01 - WG-Kueche</raum>
        <anzahl>1,00</anzahl>
        <loan-start-date></loan-start-date>
        <inventarnr></inventarnr>
        <loan-end-date></loan-end-date>
        <kaufdatum></kaufdatum>
        <days></days>
        <item-value></item-value>
        <external-references>
            <external-reference>
                <type>PDCR</type>
            </external-reference>
        </external-references>
        <stichworte>
        </stichworte>
        <loan-status>Verfügbar</loan-status>
        <filehash-type></filehash-type>
        <anprechpartner>
        </anprechpartner>
        <label>Cocktail-Set</label>
        <internetadresse></internetadresse>
        <due-date></due-date>
        <filehash></filehash>
        <filesize></filesize>
        <mengejepackung></mengejepackung>
        <filename></filename>
        <mengeneinheit>Packung</mengeneinheit>
        <user-short-text-field-1></user-short-text-field-1>
        <user-short-text-field-2></user-short-text-field-2>
        <qr-code>./inventar_images/ac19e2c6-6906-4f14-b474-59f24a6bf3b3_qrcode.jpg</qr-code>
        <user-long-text-field></user-long-text-field>
        <user-numeric-field-1></user-numeric-field-1>
        <user-numeric-field-2></user-numeric-field-2>
    </inventar>
    <inventar>
        <item>Inventargegenstaende</item>
        <id>a86a1faa-2968-407b-8e4b-473df286167a</id>
        <created>2013-02-14</created>
        <days-loaned></days-loaned>
        <name>Kühlschrank</name>
        <container-type>Kuehlschrank</container-type>
        <picture-front>./inventar_images/a86a1faa-2968-407b-8e4b-473df286167a_PictureFront.jpg</picture-front>
        <modified>2013-03-19</modified>
        <item>Inventargegenstaende</item>
        <description>gemeinsamer Kühschrank / common fridge

(Bildquelle / Picturesource: http://upload.wikimedia.org/wikipedia/commons/0/04/Der_K%C3%BChlschrank.jpg)</description>
        <anprechpartner_persist>7ab66c4e-83b9-47dd-a378-6b2e0b0deb12</anprechpartner_persist>
        <icon></icon>
        <lend-by></lend-by>
        <parent></parent>
        <available>true</available>
        <stichworte_persist>fcd30612-4ed4-4904-9996-390b2f2b72cc</stichworte_persist>
        <external-references_persist>d5b7ac72-14be-4d52-9582-c1273c87ba21</external-references_persist>
        <inventarkategorie></inventarkategorie>
        <raum>01 - WG-Kueche</raum>
        <anzahl>1,00</anzahl>
        <loan-start-date></loan-start-date>
        <inventarnr>002</inventarnr>
        <loan-end-date></loan-end-date>
        <kaufdatum>1990-02-14</kaufdatum>
        <days></days>
        <item-value></item-value>
        <external-references>
            <external-reference>
                <type>PDCR</type>
            </external-reference>
        </external-references>
        <stichworte>
            <category>
                <name>Elektrisches Kuechengeraet</name>
            </category>
        </stichworte>
        <loan-status>Verfügbar</loan-status>
        <filehash-type></filehash-type>
        <anprechpartner>
            <ansprechpartner>
                <name>Der Hausmeister</name>
            </ansprechpartner>
        </anprechpartner>
        <label>Kühlschrank</label>
        <internetadresse></internetadresse>
        <due-date></due-date>
        <filehash></filehash>
        <filesize></filesize>
        <mengejepackung></mengejepackung>
        <filename></filename>
        <mengeneinheit></mengeneinheit>
        <user-short-text-field-1></user-short-text-field-1>
        <user-short-text-field-2></user-short-text-field-2>
        <qr-code>./inventar_images/a86a1faa-2968-407b-8e4b-473df286167a_qrcode.jpg</qr-code>
        <user-long-text-field></user-long-text-field>
        <user-numeric-field-1></user-numeric-field-1>
        <user-numeric-field-2></user-numeric-field-2>
    </inventar>
    <inventar>
        <item>Inventargegenstaende</item>
        <id>f90786a1-3b2a-4204-8054-d27bd40b1121</id>
        <created>2013-02-14</created>
        <days-loaned></days-loaned>
        <name>Mikrowelle</name>
        <container-type></container-type>
        <picture-front>./inventar_images/f90786a1-3b2a-4204-8054-d27bd40b1121_PictureFront.jpg</picture-front>
        <modified>2013-03-19</modified>
        <item>Inventargegenstaende</item>
        <description>gemeinsame Mikrowelle / common  microwave-oven

Bloß kein Metal reinstellen!
Don&apos;t put metal inside!
;-)

(Bildquelle / Picturesource: http://upload.wikimedia.org/wikipedia/commons/thumb/7/79/Microwave.jpg/800px-Microwave.jpg)</description>
        <anprechpartner_persist>7e1675fe-6f5e-4e4b-93d0-623e8d94febd</anprechpartner_persist>
        <icon></icon>
        <lend-by></lend-by>
        <parent></parent>
        <available>true</available>
        <stichworte_persist>04ba3099-795d-4425-8a0d-6af04af6d560</stichworte_persist>
        <external-references_persist>a9bc26f6-f678-4063-8a44-97837bcb2529</external-references_persist>
        <inventarkategorie></inventarkategorie>
        <raum>01 - WG-Kueche</raum>
        <anzahl>1,00</anzahl>
        <loan-start-date></loan-start-date>
        <inventarnr>001</inventarnr>
        <loan-end-date></loan-end-date>
        <kaufdatum>2013-02-13</kaufdatum>
        <days></days>
        <item-value>,00</item-value>
        <external-references>
            <external-reference>
                <type>PDCR</type>
            </external-reference>
        </external-references>
        <stichworte>
            <category>
                <name>Handbuch beachten!</name>
            </category>
        </stichworte>
        <loan-status>Verfügbar</loan-status>
        <filehash-type></filehash-type>
        <anprechpartner>
        </anprechpartner>
        <label>Mikrowelle</label>
        <internetadresse></internetadresse>
        <due-date></due-date>
        <filehash></filehash>
        <filesize></filesize>
        <mengejepackung></mengejepackung>
        <filename></filename>
        <mengeneinheit></mengeneinheit>
        <user-short-text-field-1></user-short-text-field-1>
        <user-short-text-field-2></user-short-text-field-2>
        <qr-code>./inventar_images/f90786a1-3b2a-4204-8054-d27bd40b1121_qrcode.jpg</qr-code>
        <user-long-text-field></user-long-text-field>
        <user-numeric-field-1></user-numeric-field-1>
        <user-numeric-field-2></user-numeric-field-2>
    </inventar>
    <inventar>
        <item>Inventargegenstaende</item>
        <id>083ddf1e-8924-4b31-9af1-9086a126177e</id>
        <created>2013-02-14</created>
        <days-loaned></days-loaned>
        <name>Pizza</name>
        <container-type></container-type>
        <picture-front></picture-front>
        <modified>2013-03-13</modified>
        <item>Inventargegenstaende</item>
        <description>Meine Lieblingspizzen / my favourite pizza

Finger weg! / don&apos;t  touch it!</description>
        <anprechpartner_persist>152fe0de-9a72-4b26-8593-f35f3704d90f</anprechpartner_persist>
        <icon></icon>
        <lend-by></lend-by>
        <parent>Kühlschrank, 002, Kuehlschrank</parent>
        <available>true</available>
        <stichworte_persist>f46ea113-3176-40c6-b1af-5f5cc21ff331</stichworte_persist>
        <external-references_persist>6f38a73d-ad6a-410e-ab7f-45f83b2baf38</external-references_persist>
        <inventarkategorie></inventarkategorie>
        <raum></raum>
        <anzahl>2,50</anzahl>
        <loan-start-date></loan-start-date>
        <inventarnr></inventarnr>
        <loan-end-date></loan-end-date>
        <kaufdatum></kaufdatum>
        <days></days>
        <item-value></item-value>
        <external-references>
            <external-reference>
                <type>PDCR</type>
            </external-reference>
        </external-references>
        <stichworte>
            <category>
                <name>Tiefkuehl-Lebensmittel</name>
            </category>
        </stichworte>
        <loan-status>Verfügbar</loan-status>
        <filehash-type></filehash-type>
        <anprechpartner>
            <ansprechpartner>
                <name>Schiller</name>
            </ansprechpartner>
        </anprechpartner>
        <label>Pizza</label>
        <internetadresse></internetadresse>
        <due-date></due-date>
        <filehash></filehash>
        <filesize></filesize>
        <mengejepackung></mengejepackung>
        <filename></filename>
        <mengeneinheit>Stück</mengeneinheit>
        <user-short-text-field-1></user-short-text-field-1>
        <user-short-text-field-2></user-short-text-field-2>
        <qr-code></qr-code>
        <user-long-text-field></user-long-text-field>
        <user-numeric-field-1></user-numeric-field-1>
        <user-numeric-field-2></user-numeric-field-2>
    </inventar>
    <inventar>
        <item>Inventargegenstaende</item>
        <id>be865565-ca1c-4ecc-9e51-78e7211cdcef</id>
        <created>2013-03-13</created>
        <days-loaned></days-loaned>
        <name>Quellwasser</name>
        <container-type></container-type>
        <picture-front></picture-front>
        <modified>2013-03-18</modified>
        <item>Inventargegenstaende</item>
        <description>Zwei Flaschen (mit jeweils einem Liter) mit frischem Quellwasser aus dem Weimarer Ilmpark / Two bottles (each containing 1 litre) of fresh rock water from the Ilm-park in Weimar.</description>
        <anprechpartner_persist>152fe0de-9a72-4b26-8593-f35f3704d90f</anprechpartner_persist>
        <icon></icon>
        <lend-by></lend-by>
        <parent></parent>
        <available>true</available>
        <stichworte_persist>32d35e2f-1908-4409-8c38-9e5ce0c87a5e</stichworte_persist>
        <external-references_persist>e8feb8d6-ffce-40c1-9540-56dd995cc253</external-references_persist>
        <inventarkategorie></inventarkategorie>
        <raum>01 - WG-Kueche</raum>
        <anzahl>2,00</anzahl>
        <loan-start-date></loan-start-date>
        <inventarnr></inventarnr>
        <loan-end-date></loan-end-date>
        <kaufdatum></kaufdatum>
        <days></days>
        <item-value></item-value>
        <external-references>
            <external-reference>
                <type>PDCR</type>
            </external-reference>
        </external-references>
        <stichworte>
            <category>
                <name>Getraenke</name>
            </category>
        </stichworte>
        <loan-status>Verfügbar</loan-status>
        <filehash-type></filehash-type>
        <anprechpartner>
            <ansprechpartner>
                <name>Schiller</name>
            </ansprechpartner>
            <ansprechpartner>
                <name>Goethe</name>
            </ansprechpartner>
        </anprechpartner>
        <label>Quellwasser</label>
        <internetadresse></internetadresse>
        <due-date></due-date>
        <filehash></filehash>
        <filesize></filesize>
        <mengejepackung>1,00</mengejepackung>
        <filename></filename>
        <mengeneinheit>l (Liter)</mengeneinheit>
        <user-short-text-field-1></user-short-text-field-1>
        <user-short-text-field-2></user-short-text-field-2>
        <qr-code></qr-code>
        <user-long-text-field></user-long-text-field>
        <user-numeric-field-1></user-numeric-field-1>
        <user-numeric-field-2></user-numeric-field-2>
    </inventar>
    <inventar>
        <item>Inventargegenstaende</item>
        <id>f99df20c-a201-4036-b2fb-087819e59209</id>
        <created>2013-02-14</created>
        <days-loaned></days-loaned>
        <name>Stuehle</name>
        <container-type></container-type>
        <picture-front></picture-front>
        <modified>2013-02-14</modified>
        <item>Inventargegenstaende</item>
        <description>Küchenstühle / kitchenchairs</description>
        <anprechpartner_persist></anprechpartner_persist>
        <icon></icon>
        <lend-by></lend-by>
        <parent></parent>
        <available>true</available>
        <stichworte_persist></stichworte_persist>
        <external-references_persist>ff9dc475-bd22-4b5f-88d9-70f37f934ade</external-references_persist>
        <inventarkategorie></inventarkategorie>
        <raum>01 - WG-Kueche</raum>
        <anzahl>2,00</anzahl>
        <loan-start-date></loan-start-date>
        <inventarnr>004</inventarnr>
        <loan-end-date></loan-end-date>
        <kaufdatum></kaufdatum>
        <days></days>
        <item-value></item-value>
        <external-references>
            <external-reference>
                <type>PDCR</type>
            </external-reference>
        </external-references>
        <stichworte>
        </stichworte>
        <loan-status>Verfügbar</loan-status>
        <filehash-type></filehash-type>
        <anprechpartner>
        </anprechpartner>
        <label>Stuehle</label>
        <internetadresse></internetadresse>
        <due-date></due-date>
        <filehash></filehash>
        <filesize></filesize>
        <mengejepackung></mengejepackung>
        <filename></filename>
        <mengeneinheit></mengeneinheit>
        <user-short-text-field-1></user-short-text-field-1>
        <user-short-text-field-2></user-short-text-field-2>
        <qr-code></qr-code>
        <user-long-text-field></user-long-text-field>
        <user-numeric-field-1></user-numeric-field-1>
        <user-numeric-field-2></user-numeric-field-2>
    </inventar>
    <inventar>
        <item>Inventargegenstaende</item>
        <id>aca828f8-a1d1-4415-b213-f3297528846c</id>
        <created>2013-02-14</created>
        <days-loaned></days-loaned>
        <name>Tisch</name>
        <container-type></container-type>
        <picture-front></picture-front>
        <modified>2013-02-14</modified>
        <item>Inventargegenstaende</item>
        <description>Küchentisch / kitchentable</description>
        <anprechpartner_persist></anprechpartner_persist>
        <icon></icon>
        <lend-by></lend-by>
        <parent></parent>
        <available>true</available>
        <stichworte_persist></stichworte_persist>
        <external-references_persist>ec7c194a-8321-4023-a7ea-b3e8df909a75</external-references_persist>
        <inventarkategorie></inventarkategorie>
        <raum>01 - WG-Kueche</raum>
        <anzahl>1,00</anzahl>
        <loan-start-date></loan-start-date>
        <inventarnr>003</inventarnr>
        <loan-end-date></loan-end-date>
        <kaufdatum>2000-02-14</kaufdatum>
        <days></days>
        <item-value></item-value>
        <external-references>
            <external-reference>
                <type>PDCR</type>
            </external-reference>
        </external-references>
        <stichworte>
        </stichworte>
        <loan-status>Verfügbar</loan-status>
        <filehash-type></filehash-type>
        <anprechpartner>
        </anprechpartner>
        <label>Tisch</label>
        <internetadresse></internetadresse>
        <due-date></due-date>
        <filehash></filehash>
        <filesize></filesize>
        <mengejepackung></mengejepackung>
        <filename></filename>
        <mengeneinheit></mengeneinheit>
        <user-short-text-field-1></user-short-text-field-1>
        <user-short-text-field-2></user-short-text-field-2>
        <qr-code></qr-code>
        <user-long-text-field></user-long-text-field>
        <user-numeric-field-1></user-numeric-field-1>
        <user-numeric-field-2></user-numeric-field-2>
    </inventar>
    <inventar>
        <item>Inventargegenstaende</item>
        <id>fc034f10-9ff2-44d5-994f-fbf60bab629d</id>
        <created>2013-03-13</created>
        <days-loaned></days-loaned>
        <name>Toilettenpapier</name>
        <container-type></container-type>
        <picture-front></picture-front>
        <modified>2013-03-18</modified>
        <item>Inventargegenstaende</item>
        <description>Toilettenpapier / toilet paper

Anmerkung: Die &quot;Menge je Packung&quot; von 12 Rollen (siehe Tab &quot;Technisches&quot;) bedeutet das es sich um eine Packung von 12 Rollen handelt. Die Anzahl von 0,5 (siehe oben) bedeutet das diese Packung zur Hälfte aufgebraucht ist. Es sind somit also noch 6 Rollen übrig.

Remark: The &quot;quantity per package&quot; of 12 rolls (see technical-tab) means a package of 12 rolls. The quantity of 0,5 (see above) means that the package is half used up. Consequently there are 6 rolls remaining.

</description>
        <anprechpartner_persist>152fe0de-9a72-4b26-8593-f35f3704d90f</anprechpartner_persist>
        <icon></icon>
        <lend-by></lend-by>
        <parent></parent>
        <available>true</available>
        <stichworte_persist>45eebee7-7294-40ee-ae62-3e5f653c9db1</stichworte_persist>
        <external-references_persist>8b19011c-4d4b-4aff-bd61-e9aae3aa3e64</external-references_persist>
        <inventarkategorie></inventarkategorie>
        <raum>00 - Bad+WC</raum>
        <anzahl>,50</anzahl>
        <loan-start-date></loan-start-date>
        <inventarnr></inventarnr>
        <loan-end-date></loan-end-date>
        <kaufdatum></kaufdatum>
        <days></days>
        <item-value></item-value>
        <external-references>
            <external-reference>
                <type>PDCR</type>
            </external-reference>
        </external-references>
        <stichworte>
            <category>
                <name>Verbrauchsartikel</name>
            </category>
        </stichworte>
        <loan-status>Verfügbar</loan-status>
        <filehash-type></filehash-type>
        <anprechpartner>
            <ansprechpartner>
                <name>Schiller</name>
            </ansprechpartner>
            <ansprechpartner>
                <name>Goethe</name>
            </ansprechpartner>
        </anprechpartner>
        <label>Toilettenpapier</label>
        <internetadresse></internetadresse>
        <due-date></due-date>
        <filehash></filehash>
        <filesize></filesize>
        <mengejepackung></mengejepackung>
        <filename></filename>
        <mengeneinheit>Rolle</mengeneinheit>
        <user-short-text-field-1></user-short-text-field-1>
        <user-short-text-field-2></user-short-text-field-2>
        <qr-code></qr-code>
        <user-long-text-field></user-long-text-field>
        <user-numeric-field-1></user-numeric-field-1>
        <user-numeric-field-2></user-numeric-field-2>
    </inventar>
</data-crow-objects>
